客场队号,主场队号,比分
180,138,128:132
145,138,91:109
187,138,109:115
131,138,78:85
138,14,97:102
138,61,109:102
138,47,122:117
47,138,125:119
138,152,89:117
103,138,106:89
138,180,101:111
138,187,111:116
138,110,104:94
201,138,118:98
159,138,107:101
138,117,109:114
138,173,100:105
82,138,106:84
110,138,99:108
138,124,95:96
180,138,121:112
138,166,117:109
124,138,102:109
138,89,90:110
152,138,115:110
145,138,112:122
21,138,108:110
201,138,113:102
131,138,81:96
28,138,94:100
0,138,90:101
103,138,114:116
194,138,89:102
40,138,115:93
68,138,95:79
138,110,123:126
138,40,103:107
138,54,117:125
110,138,77:100
173,138,112:106
138,159,97:108
138,201,96:111
138,180,112:131
138,117,114:115
138,187,91:110
138,124,108:87
152,138,87:95
138,103,111:134
146,139,105:86
1,139,91:99
48,139,78:92
139,160,91:102
139,153,90:97
83,139,106:111
90,139,117:109
22,139,94:91
118,139,120:109
167,139,90:93
132,139,101:119
139,167,106:114
118,139,119:116
139,104,109:101
160,139,96:102
139,118,87:110
146,139,97:104
139,160,106:104
139,55,83:105
139,97,120:100
188,139,110:92
139,167,115:89
41,139,105:103
29,139,120:98
139,132,92:99
111,139,97:93
139,195,101:92
167,139,108:111
195,139,102:87
139,153,112:120
104,139,97:112
139,104,84:123
174,139,112:103
202,139,120:99
139,174,94:104
139,181,96:99
202,139,107:101
140,161,87:85
189,140,104:94
140,147,114:110
140,168,92:94
9,140,96:106
140,154,77:101
105,140,107:101
140,112,106:98
35,140,93:102
140,105,91:102
112,140,85:96
105,140,105:106
23,140,92:103
140,16,104:97
140,35,109:102
140,84,97:95
140,91,85:99
196,140,96:103
140,168,127:131
154,140,118:115
140,133,94:83
56,140,89:96
42,140,83:101
147,140,94:115
140,147,89:115
189,140,94:87
140,105,105:116
84,140,92:75
140,203,88:95
140,196,116:112
119,140,99:104
140,2,87:103
140,30,102:109
175,140,97:100
161,140,93:113
140,119,98:119
182,140,116:107
140,133,101:115
161,140,98:108
203,140,101:107
140,112,100:99
140,23,97:108
140,56,97:104
63,140,118:125
182,140,94:88
49,140,63:92
16,140,97:105
2,140,113:95
140,182,108:78
98,140,92:101
154,140,103:109
126,140,98:125
133,140,97:90
112,140,89:105
119,140,116:97
140,154,116:118
105,140,108:110
105,140,88:92
140,203,127:129
203,140,102:92
203,140,87:97
140,203,91:109
141,57,110:90
120,141,115:116
141,134,98:87
190,141,88:81
141,197,102:101
141,120,112:113
141,169,115:113
64,141,103:112
141,183,83:105
176,141,93:95
183,141,116:112
141,162,102:106
155,141,83:102
162,141,86:115
141,10,108:104
141,92,94:81
141,85,123:114
141,71,101:100
141,99,112:96
141,31,101:80
141,36,98:102
106,141,123:116
141,120,121:127
141,197,97:87
113,141,121:120
127,141,88:103
99,141,88:85
148,141,92:111
141,134,95:90
3,141,87:102
141,162,109:122
57,141,80:123
141,169,101:92
36,141,86:93
141,17,104:96
141,3,83:103
141,50,126:103
141,24,98:96
141,43,108:88
71,141,97:111
162,141,107:113
176,141,85:108
141,148,98:111
141,127,113:112
92,141,89:103
31,141,110:115
190,141,93:100
141,176,122:120
141,204,90:111
169,141,69:102
141,155,112:95
141,127,117:119
141,106,116:112
141,148,109:105
141,148,98:138
148,141,98:96
141,148,103:113
148,141,99:100
141,148,121:126
149,142,104:121
142,184,98:87
205,142,113:100
135,142,88:101
142,86,114:97
142,18,104:93
93,142,97:98
198,142,85:112
142,114,102:86
184,142,93:105
142,177,105:98
142,198,128:122
170,142,108:128
142,149,86:100
65,142,105:126
121,142,91:117
142,135,116:105
107,142,79:122
184,142,113:126
4,142,113:111
142,135,100:110
163,142,87:106
142,170,121:96
177,142,114:128
142,51,106:92
142,58,89:84
142,114,94:91
205,142,99:110
142,25,98:104
142,100,114:107
142,65,113:89
142,37,108:110
32,142,93:102
149,142,98:106
142,163,98:80
142,107,103:114
51,142,94:125
156,142,105:108
72,142,95:114
198,142,96:112
135,142,91:106
100,142,76:107
142,128,122:108
142,149,110:106
163,142,106:107
142,177,123:110
142,198,100:103
128,142,105:116
114,142,101:110
198,142,99:106
198,142,87:97
191,142,86:101
191,142,97:90
142,191,89:99
142,191,101:84
191,142,78:98
142,191,108:95
184,142,106:110
184,142,98:99
142,184,115:80
142,184,115:128
184,142,90:104
11,142,95:93
142,11,91:96
142,11,103:82
142,11,105:97
199,143,95:111
143,185,112:92
143,199,134:120
192,143,69:119
108,143,104:119
143,171,103:94
143,192,100:84
143,115,129:116
38,143,99:107
66,143,110:115
143,150,124:117
143,108,118:105
157,143,77:111
171,143,101:120
143,66,112:109
143,38,114:98
143,26,131:123
143,45,124:119
143,33,95:108
33,143,112:121
12,143,83:89
143,178,91:114
143,185,114:110
108,143,108:111
143,157,109:88
143,129,128:108
143,171,128:116
87,143,103:111
143,108,110:112
143,12,132:98
143,5,125:94
26,143,110:122
206,143,90:120
143,59,108:105
143,52,116:95
185,143,110:123
143,129,105:137
143,150,115:112
143,87,118:112
143,94,130:114
143,122,121:118
122,143,106:121
143,157,95:112
94,143,113:119
136,143,94:115
129,143,112:128
164,143,116:123
199,143,107:125
52,143,85:121
143,178,130:112
143,115,109:104
101,143,94:102
143,136,103:96
45,143,109:106
115,143,124:117
206,143,101:112
143,192,100:99
143,185,96:97
143,185,121:94
185,143,81:114
129,143,106:118
129,143,99:110
129,143,121:125
122,143,108:102
122,143,91:118
143,122,94:118
143,122,108:101
122,143,88:96
143,12,108:97
12,143,112:97
143,12,101:115
12,143,93:89
207,144,129:100
144,200,122:114
144,165,106:100
144,130,127:104
123,144,96:122
144,158,97:117
200,144,106:116
179,144,95:116
144,109,125:101
165,144,120:133
144,67,127:121
144,27,120:83
144,158,109:85
186,144,132:127
27,144,106:142
144,151,115:98
144,137,106:99
144,193,89:110
144,116,116:108
144,200,113:109
53,144,90:103
130,144,90:135
144,39,117:101
144,13,108:109
67,144,111:121
193,144,128:119
13,144,91:126
144,186,125:108
144,95,118:98
144,88,102:105
151,144,98:144
144,130,113:111
6,144,92:123
144,123,130:114
39,144,95:112
144,60,119:108
144,102,108:112
144,53,112:105
144,116,102:103
144,207,85:107
60,144,104:106
144,123,111:95
172,144,100:114
193,144,94:106
144,186,113:106
186,144,98:107
102,144,115:139
144,165,120:111
200,144,101:123
137,144,105:99
158,144,94:109
130,144,109:121
144,130,119:113
137,144,94:106
137,144,104:115
144,137,121:95
207,144,111:113
13,144,91:113
13,144,113:132
144,13,118:113
82,54,97:87
89,82,70:96
131,82,116:114
40,82,112:107
61,82,100:109
21,82,93:77
82,89,95:104
54,82,90:99
14,82,72:97
82,7,118:90
68,82,77:89
82,28,88:78
82,131,111:98
82,166,104:83
194,82,84:96
7,82,95:101
82,96,95:94
173,82,98:96
82,159,95:83
82,152,96:80
47,82,98:106
138,82,107:114
82,28,101:95
82,103,102:130
82,0,96:99
68,82,93:89
82,47,88:93
82,117,108:103
7,82,90:117
82,89,104:100
145,82,79:97
82,14,106:92
82,40,82:85
82,21,110:103
166,82,97:117
82,0,89:93
47,82,91:86
89,82,99:96
0,82,87:86
124,82,105:96
152,82,88:94
187,82,85:118
201,82,80:110
82,68,106:85
54,82,99:111
180,82,119:125
82,7,90:102
82,110,111:92
28,82,90:85
40,82,77:100
54,82,89:97
54,82,73:94
40,82,90:99
82,40,98:90
40,82,87:97
82,0,82:103
82,0,85:75
0,82,85:96
82,0,83:80
173,82,84:92
173,82,95:93
82,173,83:86
82,173,103:112
83,174,105:94
41,83,107:115
83,111,103:101
69,83,100:92
22,83,83:118
83,69,116:109
83,146,89:95
83,104,104:117
202,83,98:120
153,83,87:98
55,83,92:113
8,83,85:92
83,15,101:98
48,83,89:99
1,83,93:97
195,83,95:109
83,55,99:79
62,83,89:95
83,90,89:102
83,69,107:87
83,8,111:87
167,83,108:120
83,132,98:99
83,153,83:93
69,83,86:89
83,90,98:104
83,1,102:106
83,55,84:78
90,83,81:91
160,83,95:99
83,15,88:73
83,22,90:105
174,83,85:106
83,62,113:101
15,83,75:98
41,83,115:107
83,48,93:85
62,83,72:96
97,83,86:84
83,41,66:78
48,83,67:100
48,83,94:104
83,48,87:70
83,48,87:89
83,22,75:94
22,83,83:115
41,83,79:93
83,41,91:101
83,41,98:79
83,118,94:105
118,83,85:91
35,84,73:103
84,189,86:104
84,182,113:110
84,147,100:107
84,105,98:93
30,84,106:113
9,84,108:110
203,84,100:105
84,98,101:105
49,84,112:92
70,84,92:101
119,84,97:103
84,16,99:109
84,91,112:110
175,84,109:119
2,84,96:89
84,126,90:92
16,84,88:110
84,35,105:85
84,23,89:102
84,63,100:85
182,84,108:114
147,84,89:111
126,84,104:117
84,119,110:100
84,2,86:67
84,56,114:90
168,84,129:141
23,84,91:105
70,84,81:98
84,30,107:94
84,63,108:91
84,42,105:103
84,91,108:94
84,2,97:101
84,196,108:89
84,203,88:86
49,84,102:90
56,84,87:106
30,84,83:94
84,98,103:98
2,84,93:105
84,9,96:95
91,84,93:105
30,84,87:110
30,84,86:98
84,30,104:91
84,30,88:77
2,84,93:86
84,2,104:94
2,84,91:94
23,84,102:103
23,84,97:93
84,23,114:96
84,23,92:99
23,84,76:99
203,84,92:88
203,84,84:103
84,203,109:93
84,203,104:114
203,84,100:103
203,84,88:95
3,85,95:107
85,57,110:114
85,36,100:101
99,85,93:103
85,64,104:95
148,85,97:102
43,85,111:110
31,85,95:118
176,85,104:110
71,85,88:104
162,85,92:107
85,10,95:84
17,85,107:97
85,3,87:107
85,113,103:82
85,17,110:95
85,24,84:90
10,85,107:114
134,85,94:117
24,85,94:97
169,85,103:122
71,85,119:121
85,155,101:95
85,127,108:107
85,106,97:94
85,92,110:94
85,50,92:102
85,99,97:114
85,57,101:86
85,71,114:121
43,85,86:93
155,85,102:109
204,85,101:113
120,85,112:95
85,148,116:112
85,134,89:94
85,162,103:97
85,120,103:81
3,85,79:93
50,85,82:108
85,183,103:106
85,204,87:111
99,85,90:99
36,85,96:95
106,85,111:107
183,85,104:113
85,10,100:96
85,197,95:105
85,24,83:84
85,17,110:78
36,85,88:87
85,190,102:107
24,85,86:98
85,71,85:98
36,85,86:107
85,36,102:96
36,85,94:96
24,85,87:99
24,85,90:102
24,85,92:117
85,204,95:110
85,204,98:96
204,85,111:92
85,204,87:104
86,58,114:96
65,86,102:107
184,86,108:91
114,86,92:102
86,177,105:96
25,86,81:75
86,72,103:114
149,86,110:93
86,93,99:92
86,100,86:107
72,86,112:102
86,32,85:109
86,163,103:97
86,107,82:102
4,86,93:75
86,37,95:91
135,86,105:87
100,86,105:103
11,86,91:101
191,86,103:95
93,86,102:101
86,25,95:106
37,86,84:88
86,156,78:75
86,142,89:104
86,170,95:83
86,4,96:84
86,44,83:75
51,86,95:109
86,11,93:113
58,86,108:119
86,93,93:90
72,86,93:91
163,86,98:115
156,86,94:100
86,100,97:99
44,86,100:90
37,86,98:104
86,65,92:102
11,86,92:106
128,86,104:108
86,32,88:89
86,44,93:86
18,86,102:109
86,11,88:114
86,25,89:112
4,86,89:78
65,86,107:104
93,86,93:100
86,58,105:101
185,87,89:109
73,87,98:92
87,115,96:84
66,87,76:96
136,87,91:92
115,87,103:91
171,87,109:116
52,87,78:95
87,19,81:104
87,26,83:96
192,87,97:100
87,73,100:88
66,87,108:94
129,87,109:116
87,94,108:101
38,87,111:105
87,192,90:99
178,87,82:106
87,101,97:75
26,87,100:103
87,164,103:95
87,136,83:98
87,108,98:95
87,122,74:99
33,87,91:79
87,101,87:106
87,66,81:101
87,5,89:84
87,38,102:98
87,33,107:103
87,185,102:115
87,178,93:90
206,87,119:101
87,73,115:111
26,87,93:101
87,52,98:81
5,87,111:129
164,87,92:108
87,59,112:102
87,33,108:114
87,5,118:96
87,199,113:99
38,87,99:110
87,171,112:106
87,129,93:110
5,87,98:106
87,94,109:112
94,87,96:118
87,19,99:93
87,66,102:96
66,87,95:91
87,66,91:99
66,87,91:103
88,95,108:96
207,88,106:99
172,88,96:108
88,67,87:96
88,123,85:97
6,88,98:95
88,207,90:94
74,88,93:90
34,88,73:96
88,102,114:111
88,60,94:101
88,193,90:81
46,88,112:104
88,137,111:110
88,130,92:99
88,6,100:105
102,88,101:112
46,88,105:95
88,200,87:91
123,88,106:94
88,46,114:117
88,158,100:127
88,151,86:98
88,144,95:107
34,88,97:109
74,88,93:116
60,88,102:125
88,34,106:88
88,39,108:99
88,60,109:117
95,88,116:107
88,186,117:109
88,74,108:90
27,88,95:113
88,179,89:96
60,88,98:125
88,95,99:110
13,88,92:120
67,88,89:104
88,27,98:102
200,88,112:120
116,88,105:123
130,88,115:104
165,88,97:112
88,46,108:112
88,67,94:96
88,102,106:103
13,88,121:124
102,88,102:110
173,103,102:101
103,173,103:92
40,173,87:89
173,187,106:91
54,173,90:99
194,173,95:98
173,68,98:93
14,173,84:88
173,117,111:103
82,173,95:106
180,173,91:101
110,173,86:100
173,131,93:81
131,173,97:103
28,173,103:99
124,173,98:103
159,173,91:106
201,173,99:93
173,28,87:99
124,173,81:84
117,173,99:95
89,173,117:107
173,21,89:102
173,201,89:101
173,187,70:89
173,0,77:82
145,173,105:112
180,173,106:111
173,47,113:97
173,40,101:97
7,173,96:99
173,166,102:100
173,159,112:106
131,173,99:118
173,96,105:99
173,61,114:96
173,54,101:93
21,173,108:116
173,194,92:93
152,173,96:91
173,124,101:104
138,173,73:101
110,173,96:104
173,159,91:83
173,138,92:99
173,124,96:104
145,173,96:107
159,173,90:115
173,180,98:91
124,173,89:101
173,124,82:84
124,173,82:93
152,173,92:98
152,173,86:122
117,173,112:121
117,173,106:100
173,117,112:105
82,173,88:86
173,82,105:95
104,174,115:93
174,118,102:104
62,174,86:99
174,111,82:99
118,174,87:100
174,202,71:93
174,41,90:85
29,174,76:102
174,153,70:73
174,146,89:91
174,132,94:91
174,195,83:81
111,174,105:90
132,174,101:116
174,160,122:99
118,174,95:86
22,174,98:87
174,104,105:95
174,111,104:97
146,174,92:96
104,174,84:102
174,48,97:104
41,174,73:89
153,174,96:91
132,174,96:102
174,118,91:95
48,174,85:95
174,160,94:96
174,167,97:110
174,139,87:111
97,174,98:107
202,174,99:106
174,104,112:95
174,202,87:104
174,181,101:99
174,90,100:98
146,174,94:75
174,188,89:94
174,125,97:94
174,153,108:112
174,132,121:123
181,174,110:117
174,1,83:93
175,49,94:104
112,175,90:82
98,175,101:107
175,23,83:103
175,9,103:95
140,175,105:101
49,175,111:114
175,56,98:100
175,161,97:94
168,175,96:119
175,42,115:117
175,189,82:92
105,175,106:85
203,175,111:86
196,175,99:96
175,133,94:100
175,147,93:99
189,175,83:104
182,175,100:105
119,175,117:114
175,91,111:105
203,175,113:107
161,175,95:110
175,119,91:112
126,175,99:105
140,175,91:116
91,175,96:111
175,196,104:100
154,175,103:99
30,175,95:90
175,189,84:90
175,35,98:90
182,175,108:112
175,16,102:99
175,112,100:77
175,30,115:108
9,175,86:96
119,175,107:101
175,70,127:113
42,175,94:104
147,175,102:109
23,175,103:78
175,154,81:101
175,126,96:91
161,175,102:91
105,175,105:108
189,175,103:97
196,175,87:99
71,176,109:118
176,183,105:113
190,176,99:111
176,120,93:107
57,176,94:97
183,176,120:123
176,106,100:102
176,197,100:97
176,169,97:112
176,162,108:123
204,176,116:107
176,3,105:83
176,99,87:78
155,176,97:110
197,176,107:110
176,148,127:129
176,162,110:107
127,176,127:111
176,64,85:93
169,176,103:107
176,190,110:96
134,176,81:103
176,24,81:73
176,57,124:112
176,50,110:108
197,176,89:108
3,176,100:91
176,204,106:112
176,106,110:115
127,176,98:103
176,134,108:101
176,120,109:86
113,176,123:122
106,176,106:122
36,176,107:104
148,176,109:103
169,176,100:103
176,148,113:107
176,155,107:95
176,134,95:83
162,176,98:101
204,176,93:89
176,204,103:109
204,176,111:113
176,204,96:119
177,205,100:101
135,177,102:120
177,198,109:104
177,128,87:108
177,135,105:82
170,177,98:106
58,177,70:123
114,177,117:131
177,100,105:102
156,177,106:140
177,184,92:95
25,177,111:100
51,177,102:109
177,58,110:103
177,4,132:129
32,177,102:125
198,177,107:112
72,177,105:102
100,177,87:114
177,44,119:101
177,11,109:90
177,37,96:88
18,177,108:95
177,107,107:114
107,177,89:97
4,177,102:98
177,198,106:109
177,86,93:72
177,93,108:93
114,177,94:100
177,170,101:78
135,177,82:87
184,177,100:111
65,177,92:99
37,177,104:94
198,177,93:102
177,128,75:94
177,142,89:104
177,156,100:93
149,177,99:129
121,177,115:119
191,177,112:101
177,163,92:98
205,177,94:101
177,205,76:94
177,25,99:104
177,121,135:131
177,135,92:109
128,177,98:114
177,184,99:111
184,177,130:128
177,184,94:103
178,164,111:95
178,150,88:104
66,178,102:91
199,178,98:107
178,199,105:120
178,59,92:86
136,178,93:102
178,122,114:117
178,192,96:110
108,178,81:92
178,171,98:112
178,129,115:112
185,178,100:96
178,101,116:104
73,178,98:95
164,178,94:104
178,26,81:107
178,66,99:103
171,178,116:117
178,199,100:91
12,178,110:107
178,122,89:108
115,178,94:106
122,178,109:106
178,185,104:115
178,157,92:90
178,143,107:127
164,178,78:91
178,94,104:110
122,178,116:103
108,178,116:122
171,178,104:101
178,108,114:116
150,178,109:90
19,178,102:96
178,12,98:99
129,178,120:132
178,129,103:109
178,143,120:128
178,171,111:133
52,178,89:91
178,19,98:89
192,178,93:103
178,150,91:98
178,136,101:92
206,178,96:91
178,122,70:108
178,122,85:84
122,178,119:108
178,122,104:118
179,27,121:130
186,179,106:98
179,186,92:93
179,137,81:97
130,179,105:95
34,179,75:86
179,158,109:97
179,46,83:90
193,179,80:64
179,207,91:96
151,179,124:104
179,13,90:128
200,179,81:91
6,179,82:107
27,179,103:111
179,186,87:109
20,179,95:85
172,179,79:99
179,200,104:111
179,158,101:89
179,144,99:108
74,179,97:82
179,116,92:101
179,165,113:108
158,179,73:122
179,123,98:109
179,207,105:101
179,130,108:104
130,179,114:113
95,179,80:112
46,179,111:98
179,116,84:97
200,179,83:96
165,179,100:98
179,102,112:107
179,60,74:116
179,39,111:104
144,179,112:87
151,179,95:97
67,179,94:86
123,179,92:91
179,193,90:99
179,34,109:105
179,172,87:98
207,179,102:89
179,165,111:124
109,179,109:91
68,54,104:101
54,21,86:99
54,96,115:116
21,54,75:101
7,54,123:116
54,201,93:116
54,7,93:101
28,54,79:90
54,68,88:93
7,54,97:117
40,54,102:101
194,54,70:88
145,54,91:105
152,54,93:81
54,0,76:121
54,40,80:84
54,103,95:89
54,138,95:110
54,159,123:110
54,152,98:102
54,194,77:84
0,54,99:105
131,54,85:96
54,61,107:94
103,54,99:110
54,47,103:117
89,54,99:95
201,54,71:77
96,54,94:117
14,54,94:110
110,54,100:111
54,21,110:100
117,54,110:105
40,54,86:89
54,28,74:102
166,54,114:111
54,0,97:85
54,40,82:99
89,54,95:85
14,54,104:100
82,54,100:94
82,54,82:86
55,125,103:107
55,139,107:79
15,55,73:96
62,55,62:97
22,55,86:96
167,55,85:112
55,48,79:85
55,97,103:90
69,55,76:90
97,55,83:103
15,55,74:95
90,55,69:74
1,55,82:98
55,69,98:87
146,55,78:77
55,8,99:84
55,90,87:103
174,55,82:75
55,111,91:92
55,188,76:89
55,181,87:93
55,15,97:68
118,55,92:88
55,29,93:97
41,55,86:99
55,202,76:93
8,55,85:103
55,97,76:97
62,55,99:78
90,55,88:82
55,41,79:103
55,62,93:75
22,55,102:97
55,8,103:87
55,22,109:106
55,29,90:85
55,15,86:108
55,1,109:92
1,55,74:79
1,55,82:89
1,55,78:79
55,41,91:92
55,41,75:85
105,56,75:84
56,49,84:100
56,42,106:100
56,63,93:83
30,56,105:96
133,56,93:99
9,56,79:86
63,56,98:106
56,9,83:92
119,56,116:109
161,56,101:104
56,2,88:93
56,42,79:92
16,56,97:104
154,56,111:98
56,175,100:107
56,182,103:125
56,189,99:89
56,154,103:99
56,161,89:95
56,119,85:109
56,203,86:109
35,56,109:89
56,63,72:90
196,56,111:99
63,56,101:108
56,30,102:110
189,56,103:100
168,56,80:89
23,56,88:69
147,56,107:90
56,30,92:94
56,112,87:94
56,49,93:99
42,56,109:101
56,70,96:107
56,84,93:102
56,91,91:99
35,56,97:106
84,56,98:94
126,56,100:101
56,147,72:101
56,168,117:103
56,133,91:107
56,9,97:87
56,70,101:90
56,35,83:104
70,56,124:101
56,98,97:86
56,23,105:95
3,57,104:107
99,57,116:102
10,57,79:94
57,10,125:127
204,57,109:85
183,57,117:123
57,197,98:135
64,57,108:98
57,92,94:105
197,57,121:105
92,57,125:126
127,57,139:105
57,36,94:130
57,31,106:116
57,169,113:104
17,57,114:104
57,3,78:103
57,50,110:106
64,57,104:95
120,57,103:91
71,57,125:99
57,17,96:113
57,36,102:108
43,57,114:108
155,57,112:98
57,148,78:123
57,134,100:105
10,57,114:85
99,57,122:103
57,92,81:92
57,120,92:125
134,57,104:92
57,50,110:123
169,57,115:98
190,57,103:77
57,204,91:113
57,183,98:120
17,57,98:123
57,71,95:103
36,57,105:101
57,64,114:125
57,190,95:117
43,57,108:113
184,58,104:93
4,58,118:115
58,65,88:120
58,205,75:100
58,51,83:91
128,58,114:104
205,58,109:103
58,114,85:77
121,58,103:91
58,18,108:101
191,58,120:115
44,58,105:87
58,93,96:88
58,128,93:114
58,135,71:88
58,142,86:126
58,149,91:127
32,58,97:77
58,37,90:88
25,58,92:93
72,58,105:87
58,65,84:100
198,58,81:96
58,18,89:107
51,58,98:91
65,58,91:86
58,198,74:99
58,72,85:91
107,58,98:105
25,58,106:95
100,58,81:89
58,25,74:94
65,58,114:103
58,121,118:123
135,58,89:83
72,58,84:92
170,58,107:114
58,44,89:108
51,58,81:97
58,156,87:101
58,170,106:107
58,51,91:101
58,4,107:114
32,58,107:97
136,59,99:71
59,33,87:91
5,59,111:88
66,59,119:103
59,122,85:102
59,206,83:92
26,59,112:85
59,87,91:96
59,45,80:84
59,192,84:92
59,52,87:99
108,59,108:105
59,38,91:100
59,66,76:96
59,5,96:115
52,59,107:97
59,12,86:108
192,59,104:90
59,164,111:104
59,136,91:95
59,171,110:105
115,59,99:109
73,59,126:98
12,59,95:85
5,59,115:111
59,94,96:87
45,59,112:92
164,59,103:113
59,101,94:106
38,59,98:103
150,59,98:92
171,59,114:110
59,199,114:121
59,178,103:129
94,59,124:115
59,19,91:111
59,94,116:130
59,101,108:116
122,59,111:97
45,59,120:105
59,129,105:108
199,59,93:107
33,59,109:108
59,66,98:122
95,60,103:101
13,60,102:101
60,27,115:122
102,60,102:109
60,116,86:110
6,60,105:89
13,60,112:108
60,67,95:122
60,193,91:96
60,200,99:88
60,20,97:79
67,60,123:114
60,137,83:100
60,109,124:122
116,60,91:93
60,46,106:110
60,39,105:95
53,60,97:98
60,102,93:109
67,60,89:94
151,60,110:121
186,60,123:118
60,6,108:121
60,179,95:113
60,207,86:102
207,60,111:103
60,95,112:111
102,60,112:120
60,53,109:110
20,60,136:106
34,60,112:98
60,151,100:112
46,60,99:105
60,95,109:112
60,123,97:122
60,6,117:107
60,27,94:107
60,39,106:101
60,13,105:122
60,67,105:113
39,60,141:118
34,60,90:82
60,53,113:114
166,110,117:116
166,7,107:104
61,166,108:111
152,166,112:100
110,166,98:89
166,159,89:103
14,166,100:94
194,166,75:71
166,131,83:94
0,166,96:85
21,166,107:98
166,152,80:113
173,166,105:103
166,145,91:98
166,194,91:94
166,117,87:102
28,166,84:79
187,166,98:100
68,166,108:102
103,166,102:122
166,61,112:118
166,96,133:136
166,40,95:119
166,47,93:83
166,14,106:110
166,68,98:100
124,166,94:90
166,138,112:119
166,124,96:81
166,152,100:95
40,166,95:90
201,166,113:100
131,166,107:104
117,166,99:97
166,159,113:108
166,117,96:126
166,89,111:105
166,187,92:120
124,166,107:102
180,166,123:101
89,166,106:102
7,166,97:93
166,110,127:95
166,0,92:132
166,28,97:90
166,21,110:93
159,166,113:116
166,103,90:104
103,166,99:90
131,166,97:106
166,180,104:101
166,201,92:124
166,138,104:103
152,166,116:108
48,167,114:92
167,104,83:110
29,167,100:103
167,62,98:91
167,181,89:103
167,174,60:99
167,111,86:99
22,167,88:92
167,202,88:86
167,125,89:101
104,167,122:93
167,132,93:96
125,167,92:95
167,195,100:92
118,167,101:106
167,1,115:121
167,15,108:114
167,8,92:93
132,167,96:103
167,153,107:115
167,104,116:119
69,167,106:99
15,167,124:112
41,167,95:120
132,167,103:102
111,167,108:116
160,167,109:100
167,146,94:109
181,167,104:87
167,174,100:110
167,195,96:105
167,118,89:115
202,167,127:102
118,167,103:92
167,118,110:118
153,167,96:113
168,2,87:93
168,112,80:92
168,23,98:106
203,168,97:86
168,154,90:103
35,168,99:90
154,168,97:113
168,133,102:104
112,168,97:89
23,168,97:92
168,147,81:116
168,126,99:80
168,30,85:98
105,168,122:97
168,161,90:101
168,147,85:97
126,168,96:108
49,168,105:106
42,168,96:118
168,16,97:103
168,9,97:94
168,63,105:96
189,168,113:81
175,168,117:112
84,168,128:99
9,168,118:124
168,189,69:85
161,168,106:96
119,168,105:95
168,105,93:121
168,98,96:94
168,42,81:99
182,168,111:117
168,189,101:108
168,175,100:123
203,168,108:102
168,70,108:122
168,196,95:110
168,91,125:101
105,168,120:113
168,140,83:87
30,168,115:113
168,154,102:113
168,140,105:98
182,168,112:102
196,168,110:121
168,182,100:121
168,119,95:104
147,168,112:108
106,169,88:90
169,141,87:98
71,169,105:100
169,127,91:104
127,169,96:85
17,169,97:90
190,169,97:86
162,169,104:107
169,162,113:106
169,148,102:103
148,169,104:98
120,169,97:95
169,134,112:102
134,169,122:101
169,162,107:116
183,169,91:106
169,71,107:124
169,92,105:100
197,169,113:100
85,169,103:108
169,204,104:112
169,183,110:106
127,169,119:123
92,169,83:103
10,169,80:124
169,24,92:116
169,113,111:108
169,190,90:91
169,120,93:108
169,197,114:97
169,183,98:119
24,169,116:111
106,169,125:117
169,134,99:106
190,169,99:89
169,204,93:95
3,169,70:99
64,169,101:109
169,10,99:109
43,169,98:105
169,106,109:95
169,155,122:126
169,17,89:99
169,3,87:94
169,113,102:104
204,169,99:79
50,169,107:99
169,197,102:97
155,169,102:107
176,169,93:91
169,127,99:100
169,148,101:117
162,169,104:99
142,170,95:77
128,170,94:103
170,107,110:105
107,170,109:131
170,191,110:111
198,170,106:100
4,170,88:103
170,114,113:101
170,184,89:102
170,205,104:112
191,170,97:85
65,170,117:109
25,170,101:102
184,170,113:109
156,170,101:108
170,37,99:107
170,44,84:106
177,170,108:104
170,128,94:98
37,170,103:100
170,65,102:119
170,25,99:94
170,4,86:104
170,32,103:111
170,149,99:126
191,170,90:102
205,170,107:96
128,170,110:99
170,51,124:86
170,205,85:112
170,93,114:119
170,72,105:130
72,170,110:103
170,198,88:102
170,184,111:115
114,170,111:116
170,135,91:103
170,121,103:116
156,170,92:102
170,156,122:99
150,171,111:104
171,150,109:114
192,171,103:89
171,164,97:118
206,171,106:88
38,171,109:111
66,171,101:107
171,94,97:91
45,171,114:97
171,122,95:98
136,171,106:114
185,171,97:107
171,115,95:99
171,101,99:113
171,26,108:106
171,143,103:122
171,122,116:104
199,171,109:97
171,136,103:101
171,150,110:103
73,171,88:91
26,171,97:108
171,192,117:121
33,171,104:111
171,12,100:120
108,171,110:116
171,108,114:110
206,171,108:92
150,171,117:107
171,192,98:104
171,199,112:115
94,171,107:100
136,171,108:99
171,157,106:98
171,52,88:80
171,115,104:113
101,171,111:120
171,108,115:106
129,171,115:107
115,171,105:97
171,164,105:101
207,172,102:94
116,172,103:106
172,74,95:106
172,95,94:102
172,34,91:117
207,172,110:105
151,172,121:115
67,172,99:102
123,172,101:116
186,172,117:104
172,39,122:105
158,172,92:116
172,186,98:132
130,172,121:126
172,137,94:93
60,172,100:102
172,130,89:102
172,109,120:113
88,172,107:102
144,172,117:106
20,172,94:100
123,172,122:118
172,20,109:104
172,13,116:112
172,27,111:115
172,60,119:122
165,172,105:103
144,172,106:109
6,172,112:107
46,172,92:108
74,172,107:108
200,172,99:105
172,158,97:96
109,172,100:116
116,172,102:88
39,172,109:100
172,109,96:108
95,172,115:120
172,165,107:101
172,123,94:110
172,207,102:118
172,151,98:97
193,172,90:91
137,172,112:82
172,200,89:117
172,116,123:117
172,158,94:98
165,172,104:129
159,124,92:106
159,131,110:94
152,159,114:106
201,159,112:110
159,68,118:114
159,187,99:109
159,152,121:116
159,82,96:123
159,89,89:105
0,159,123:115
145,159,108:116
159,103,133:138
21,159,97:105
96,159,108:125
159,124,99:106
159,145,103:108
14,159,75:92
159,103,98:132
124,159,111:115
159,47,129:121
159,7,106:98
159,96,109:91
117,159,111:107
159,138,104:92
138,159,88:112
159,131,95:83
131,159,101:102
159,61,110:92
159,40,103:115
103,159,116:97
159,194,95:100
159,145,108:99
159,152,137:139
194,159,106:100
145,159,98:111
159,201,97:114
159,0,94:97
159,194,97:109
110,159,127:135
201,159,103:106
160,118,97:107
29,160,93:109
160,153,83:99
8,160,101:90
160,202,91:102
160,48,91:88
160,41,79:71
160,174,87:93
62,160,99:96
160,195,120:103
160,181,81:99
160,69,99:90
153,160,90:102
111,160,95:104
146,160,78:81
167,160,88:96
111,160,127:124
15,160,101:109
181,160,86:99
160,22,113:111
160,8,108:83
195,160,75:92
160,104,99:105
160,111,114:90
160,188,93:104
160,181,112:105
160,202,91:105
125,160,107:125
118,160,109:97
104,160,118:107
16,161,89:92
161,91,94:115
161,84,99:124
105,161,100:110
2,161,112:106
161,154,102:114
196,161,108:111
161,16,77:117
161,63,97:101
161,49,99:106
161,189,98:108
161,147,99:117
133,161,84:99
147,161,103:77
49,161,99:97
161,112,107:111
133,161,87:80
189,161,92:81
161,30,99:108
161,42,79:87
147,161,88:93
154,161,86:92
175,161,109:99
161,189,96:90
161,196,84:93
161,119,96:127
161,126,102:98
42,161,113:88
203,161,97:87
112,161,83:84
70,161,87:92
63,161,98:71
161,168,112:121
182,161,105:107
161,98,105:127
98,161,88:79
35,161,102:100
168,161,117:103
23,161,112:104
161,147,101:126
140,161,111:107
161,182,98:101
161,112,93:105
161,105,98:118
127,162,91:104
134,162,84:87
162,204,96:99
197,162,94:101
162,127,89:90
36,162,100:98
127,162,106:120
134,162,112:104
162,155,114:108
204,162,108:101
155,162,90:117
57,162,101:115
190,162,99:91
162,113,104:103
162,190,99:104
162,17,108:110
162,50,96:98
106,162,103:117
24,162,100:124
99,162,101:95
162,57,124:113
162,31,126:117
3,162,101:92
43,162,94:100
204,162,85:106
183,162,115:112
162,134,86:109
162,148,105:112
10,162,110:101
162,43,87:80
92,162,93:109
17,162,92:98
162,155,99:115
148,162,112:108
162,127,109:93
120,162,115:122
162,197,94:88
162,204,104:112
190,162,97:91
156,163,99:119
163,135,91:118
191,163,102:91
170,163,114:112
142,163,95:107
37,163,104:112
163,149,107:120
163,44,118:114
163,25,106:83
107,163,112:120
163,107,97:122
93,163,93:90
25,163,99:116
163,177,118:106
32,163,96:94
163,51,99:90
163,100,104:92
163,198,106:110
65,163,109:125
163,32,102:96
163,191,110:122
11,163,100:107
114,163,99:110
156,163,100:115
128,163,113:118
184,163,113:111
149,163,120:100
100,163,98:106
4,163,93:99
191,163,102:101
163,170,83:85
44,163,115:110
163,107,110:96
121,163,113:117
205,163,101:74
163,37,108:100
51,163,89:102
198,163,72:74
163,184,117:102
170,163,108:99
121,163,109:97
163,128,86:109
135,163,85:87
163,72,69:96
163,205,91:107
149,163,112:101
129,164,92:110
164,122,103:124
150,164,104:118
157,164,101:120
164,108,114:107
199,164,120:114
143,164,135:116
164,101,106:109
164,192,93:95
164,5,103:101
94,164,104:107
129,164,106:96
115,164,101:108
164,143,103:128
199,164,88:104
33,164,101:95
164,136,89:110
108,164,104:96
164,206,79:112
164,122,106:110
164,171,119:142
164,157,77:97
164,115,87:117
73,164,95:98
164,12,93:115
164,52,84:102
66,164,104:97
185,164,111:105
136,164,98:89
122,164,122:106
164,94,102:84
164,192,109:100
52,164,128:97
164,108,98:116
192,164,103:97
157,164,107:119
164,171,94:116
45,164,102:99
164,33,94:105
136,164,101:86
164,185,124:115
150,164,105:114
165,151,98:116
165,200,112:111
165,158,108:119
20,165,100:107
39,165,122:104
165,109,104:120
165,60,105:120
165,95,92:87
109,165,120:114
74,165,107:109
165,144,109:138
165,137,105:112
27,165,109:94
165,158,119:115
53,165,111:113
207,165,107:92
165,116,108:115
186,165,125:111
60,165,116:123
165,186,115:131
165,207,98:119
67,165,91:99
88,165,90:99
165,179,102:95
13,165,120:116
207,165,105:108
165,67,115:103
109,165,123:112
151,165,124:114
34,165,137:112
165,200,106:111
6,165,97:115
165,186,102:133
200,165,110:108
158,165,101:137
165,6,121:128
165,34,96:100
46,165,106:109
102,165,131:127
130,165,110:101
95,165,109:103
165,20,95:112
165,74,91:95
186,165,123:116
14,0,91:101
124,0,98:110
47,0,120:112
0,40,105:110
103,0,92:94
138,0,90:120
96,0,96:103
0,180,95:92
0,173,88:83
0,103,97:98
89,0,107:78
0,40,92:104
180,0,116:119
117,0,90:99
0,7,88:83
110,0,82:113
21,0,73:92
145,0,100:99
0,47,95:103
0,14,95:92
28,0,77:90
7,0,91:100
61,0,91:111
40,0,79:90
0,21,99:86
89,0,90:99
0,145,106:88
0,124,103:109
0,194,97:88
0,96,105:77
0,68,80:83
131,0,100:118
96,0,79:98
0,21,108:115
0,68,114:81
0,14,101:96
61,0,106:113
40,0,81:97
0,89,102:99
21,0,99:104
21,0,90:96
68,0,103:95
0,68,88:100
68,0,83:95
0,82,93:101
1,167,108:98
1,146,114:101
188,1,64:104
1,90,97:83
97,1,64:78
1,41,88:79
1,8,114:75
22,1,95:90
29,1,100:107
1,97,98:88
1,29,113:90
1,41,91:95
29,1,91:110
195,1,95:99
1,8,112:91
1,55,96:91
132,1,97:111
48,1,99:104
125,1,100:89
55,1,80:89
1,90,85:59:00
1,62,94:82
104,1,108:91
1,118,78:92
181,1,99:93
41,1,86:93
83,1,86:96
97,1,87:84
1,83,72:83
1,22,92:87
55,1,69:77
2,9,115:86
91,2,93:99
119,2,97:91
2,147,80:101
2,182,89:93
2,30,93:86
175,2,78:101
2,9,95:85
2,16,108:104
147,2,94:89
2,49,110:106
2,70,75:92
30,2,104:96
2,49,108:101
161,2,97:81
2,42,100:99
154,2,83:95
2,98,73:86
2,30,104:88
2,35,89:93
2,70,93:76
2,23,101:111
2,133,93:89
203,2,103:89
2,119,72:102
9,2,101:98
56,2,82:93
35,2,85:96
2,154,81:90
2,168,79:121
105,2,119:118
126,2,99:89
23,2,84:87
2,112,104:97
2,175,98:100
16,2,94:95
2,35,92:90
91,2,86:87
2,16,85:99
49,2,111:118
2,91,102:84
98,2,92:95
2,35,89:106
35,2,76:79
35,2,134:142
2,35,99:93
84,2,88:65
50,3,81:82
3,24,80:97
134,3,73:97
10,3,81:96
3,64,96:80
24,3,94:110
3,106,87:97
3,127,95:98
3,148,82:121
3,134,83:89
3,17,99:79
197,3,131:128
17,3,92:75
3,31,91:90
64,3,99:77
10,3,84:100
3,190,95:91
64,3,85:79
71,3,84:91
3,31,81:72
99,3,102:88
3,92,128:125
155,3,100:102
3,10,98:87
148,3,112:95
3,204,96:86
3,197,79:88
3,155,92:86
36,3,76:92
106,3,89:117
3,71,107:103
50,3,90:109
3,36,80:96
190,3,85:77
85,3,88:95
204,3,104:96
183,3,87:111
120,3,97:85
3,24,79:91
57,3,81:91
127,3,91:74
3,113,102:87
17,3,98:106
3,50,89:100
99,3,102:93
99,3,101:99
99,3,75:69
4,51,104:80
93,4,90:98
44,4,106:101
18,4,91:102
25,4,99:90
4,149,105:89
4,128,87:105
4,135,97:95
4,107,109:114
4,37,102:84
142,4,112:102
128,4,106:115
4,72,86:93
51,4,97:103
4,191,103:97
4,100,99:91
198,4,100:107
44,4,104:109
184,4,105:114
135,4,97:77
4,100,86:102
93,4,120:114
4,11,94:108
205,4,81:104
4,156,118:123
4,184,90:101
4,93,98:97
4,18,91:100
114,4,89:96
149,4,96:86
100,4,92:97
121,4,105:108
4,25,84:98
4,121,100:109
25,4,86:103
65,4,92:108
4,65,116:103
4,32,91:95
18,4,82:88
4,93,103:105
4,37,113:86
72,4,85:91
32,4,91:103
4,32,113:106
4,32,90:92
32,4,94:88
4,32,120:66
4,11,99:92
4,11,91:106
11,4,96:99
4,11,101:106
12,5,95:97
5,38,115:100
5,19,94:98
115,5,102:93
5,164,103:97
5,143,94:106
5,26,92:104
206,5,89:92
108,5,90:99
5,45,100:105
199,5,94:98
192,5,85:98
19,5,147:144
5,52,91:107
5,122,105:96
26,5,100:102
52,5,81:108
5,66,115:113
33,5,106:117
5,73,105:120
101,5,114:100
178,5,83:77
5,12,96:83
5,150,93:120
5,171,107:102
5,108,110:115
73,5,113:90
5,12,95:106
157,5,115:126
129,5,103:95
5,94,89:102
185,5,100:108
33,5,90:100
5,66,109:107
5,101,96:117
38,5,102:118
136,5,85:92
5,52,94:106
5,94,89:111
73,5,102:100
5,26,98:96
5,185,103:100
19,5,94:90
12,5,102:105
5,199,121:116
59,5,105:115
46,6,99:105
6,39,118:88
53,6,117:104
6,27,94:111
95,6,80:112
102,6,95:106
6,137,85:77
6,158,118:110
6,109,107:110
13,6,105:111
6,20,91:102
207,6,91:95
20,6,82:113
102,6,107:97
39,6,99:101
6,27,101:111
34,6,116:96
6,13,106:94
67,6,118:123
123,6,109:94
6,193,108:104
172,6,99:102
6,95,100:92
74,6,119:114
88,6,100:88
6,123,128:100
6,116,89:117
46,6,103:104
6,13,117:99
109,6,125:107
144,6,87:94
151,6,101:91
6,20,95:109
6,95,91:98
6,46,80:100
193,6,98:91
137,6,86:95
6,67,120:122
20,6,95:117
13,6,93:99
74,6,104:106
6,200,117:110
6,53,91:100
6,60,102:90
95,6,75:122
39,6,73:112
6,46,106:102
6,46,111:97
46,6,104:95
6,46,97:108
46,6,105:83
124,47,100:95
96,47,91:112
54,47,106:96
47,110,103:112
180,47,104:96
47,145,124:115
68,47,99:90
47,61,116:99
103,47,125:129
82,47,113:91
47,7,102:109
47,89,103:112
21,47,92:98
201,47,115:128
47,152,87:109
47,124,100:86
47,131,125:131
47,180,89:104
47,117,98:101
14,47,106:124
47,54,98:100
28,47,108:114
47,7,109:115
47,89,110:116
7,47,119:115
131,47,109:131
47,187,110:108
47,173,109:127
21,47,106:93
47,21,117:119
47,14,95:99
47,28,95:100
40,47,96:86
89,47,111:99
89,47,106:113
7,47,107:123
47,54,97:92
47,21,110:109
0,47,103:90
47,40,102:112
47,40,93:96
40,47,113:96
40,47,101:89
41,48,104:106
48,153,82:99
48,97,99:96
48,118,92:104
90,48,102:93
29,48,100:86
48,181,84:97
15,48,86:113
1,48,105:102
48,62,90:87
195,48,89:85
69,48,82:99
48,83,88:102
8,48,103:120
48,41,111:115
48,202,105:118
125,48,79:121
22,48,100:115
48,22,102:88
48,55,82:79
48,62,79:96
48,22,104:112
48,90,96:80
1,48,99:100
48,29,111:107
41,48,110:118
48,8,90:98
48,69,113:112
48,83,94:106
84,49,84:104
49,203,104:100
49,196,102:80
49,35,89:96
49,30,102:88
49,35,100:97
154,49,107:116
35,49,86:100
112,49,91:94
49,91,114:106
49,23,76:81
196,49,87:100
49,16,102:87
49,42,89:86
30,49,86:96
168,49,81:120
49,98,96:106
63,49,92:88
49,23,91:125
49,63,98:100
140,49,105:109
84,49,99:93
49,16,87:77
133,49,84:113
49,105,94:117
49,126,90:105
49,147,80:93
49,133,90:83
91,49,94:106
49,63,99:94
63,49,84:110
49,42,100:85
189,49,101:108
42,49,89:108
49,70,95:82
30,49,83:101
98,49,99:120
70,49,92:98
42,49,78:85
42,49,71:87
49,42,90:76
23,49,79:105
49,23,71:82
49,23,82:93
23,49,75:85
49,23,99:106
31,50,83:90
113,50,109:100
204,50,120:89
50,71,95:91
50,17,86:92
24,50,103:96
50,99,89:98
50,148,80:93
50,106,95:97
197,50,103:99
50,36,113:83
92,50,83:121
43,50,114:73
50,10,94:109
50,43,86:90
71,50,106:111
64,50,95:83
50,64,100:115
50,183,100:102
50,176,92:80
17,50,85:89
36,50,103:80
43,50,88:114
10,50,86:117
85,50,106:91
50,31,98:101
169,50,106:101
50,92,121:129
50,71,98:107
50,113,118:106
134,50,81:108
31,50,94:115
24,50,86:92
50,57,93:92
50,155,96:127
50,141,89:84
50,134,92:83
36,50,81:110
99,50,90:89
50,85,91:102
50,64,108:100
72,51,91:85
93,51,97:95
51,114,99:115
86,51,86:79
37,51,98:93
51,198,93:104
51,205,95:109
51,44,101:95
177,51,107:87
51,170,129:135
51,149,78:99
18,51,97:81
32,51,95:82
51,191,83:105
51,100,91:101
184,51,120:96
93,51,106:113
51,25,82:103
156,51,80:92
11,51,101:83
51,44,94:115
65,51,98:103
51,25,82:105
25,51,92:86
51,107,78:106
51,135,82:87
114,51,95:92
51,65,89:106
191,51,103:82
149,51,111:80
44,51,96:92
51,4,80:111
37,51,100:98
51,100,87:101
25,51,102:86
32,51,99:91
52,33,122:97
206,52,94:84
12,52,90:84
52,122,93:90
87,52,97:78
38,52,91:108
52,33,91:106
52,129,112:110
115,52,102:107
94,52,107:99
52,12,84:91
52,73,98:117
52,45,91:100
33,52,88:100
45,52,114:120
59,52,113:119
136,52,111:118
52,66,93:103
45,52,97:89
52,19,105:111
192,52,91:85
108,52,101:96
52,38,98:109
52,115,103:95
52,45,104:105
19,52,89:102
52,108,94:110
12,52,107:93
52,199,91:99
26,52,92:87
52,59,109:102
66,52,93:89
193,53,104:111
53,20,89:102
186,53,118:99
137,53,114:109
53,46,87:115
53,67,107:118
179,53,77:93
74,53,94:104
53,116,106:104
172,53,98:106
53,88,114:103
13,53,126:94
53,172,103:100
53,109,114:127
27,53,111:118
95,53,95:106
46,53,119:114
53,186,122:129
95,53,115:103
34,53,105:104
53,34,116:111
6,53,89:104
53,67,101:116
53,46,117:106
102,53,113:110
165,53,107:105
53,179,95:103
53,74,139:142
53,39,95:90
13,53,111:104
158,53,121:107
53,123,105:116
53,13,104:119
53,95,101:90
53,60,102:105
53,34,93:104
53,20,92:112
53,39,112:120
27,53,81:87
39,53,121:110
53,151,105:114
53,137,101:108
53,130,95:110
53,207,98:106
46,53,110:94
102,53,106:103
53,193,88:101
67,53,110:97
131,117,120:99
61,131,108:125
145,131,107:109
131,89,104:94
117,131,115:108
152,131,96:102
28,131,88:109
21,131,88:110
187,131,85:94
138,131,95:108
131,28,95:86
131,110,112:107
124,131,96:91
187,131,92:98
14,131,97:102
68,131,110:87
131,40,86:110
131,152,91:120
131,103,113:106
0,131,91:86
138,131,107:100
40,131,107:102
103,131,103:101
131,61,96:94
131,110,101:122
110,131,104:119
131,180,108:110
131,187,85:103
131,117,94:106
194,131,121:117
96,131,100:95
152,131,96:85
131,152,86:85
131,194,90:78
132,104,100:117
188,132,85:94
132,139,88:87
146,132,79:108
125,132,89:93
153,132,87:96
132,48,88:99
118,132,101:87
132,188,98:88
132,195,80:86
132,118,85:111
132,181,85:101
202,132,106:102
132,111,98:100
132,8,109:100
15,132,90:105
132,160,111:120
111,132,105:111
132,153,103:99
118,132,90:97
104,132,102:121
132,69,133:139
132,41,82:94
167,132,104:103
132,125,102:97
160,132,107:105
139,132,98:104
202,132,84:91
132,181,103:91
90,132,107:117
125,132,94:96
132,202,91:106
202,132,102:90
202,132,87:81
175,133,94:113
133,203,100:110
133,189,94:103
133,105,84:104
161,133,81:94
133,42,93:98
182,133,91:102
133,168,97:108
147,133,105:104
91,133,81:87
133,154,117:110
203,133,96:99
189,133,99:86
133,35,92:90
133,23,84:104
133,84,89:105
133,91,97:93
133,147,96:107
112,133,84:106
133,105,91:110
133,70,95:103
84,133,97:104
9,133,98:109
133,154,84:102
182,133,125:80
196,133,99:104
126,133,77:86
133,126,99:105
168,133,91:98
30,133,86:100
133,112,97:93
42,133,110:107
70,133,102:91
133,2,88:89
133,119,87:110
133,182,93:100
133,203,97:104
161,133,88:103
133,126,105:95
35,133,107:116
126,133,102:112
105,133,113:96
196,133,83:95
112,133,100:107
133,112,96:80
120,134,101:98
183,134,104:93
134,64,91:115
106,134,100:81
197,134,105:111
134,141,88:102
134,197,98:105
134,176,93:103
183,134,103:109
134,127,98:130
134,106,103:93
134,92,86:82
155,134,103:105
134,155,99:110
10,134,113:102
134,204,105:109
134,113,72:98
113,134,112:97
134,148,87:102
134,155,96:79
36,134,105:99
43,134,98:110
134,10,79:99
134,31,88:114
134,99,91:104
71,134,112:110
148,134,96:87
134,204,104:122
134,183,86:124
92,134,88:89
134,197,95:102
134,120,96:116
134,141,102:130
127,134,111:99
134,106,94:101
134,113,136:130
11,135,100:102
135,18,97:96
135,25,86:97
135,72,97:100
135,51,102:100
121,135,81:98
135,121,82:97
149,135,112:96
65,135,123:104
93,135,98:93
135,170,92:101
86,135,100:95
135,198,111:119
135,191,97:91
135,149,97:101
114,135,94:100
72,135,98:92
25,135,105:101
135,184,82:97
156,135,85:94
135,205,69:89
135,11,92:106
135,32,101:99
135,128,102:103
191,135,100:90
170,135,90:102
156,135,100:97
135,191,93:82
184,135,91:109
18,135,85:88
100,135,88:84
114,135,106:104
128,135,92:89
135,107,91:107
121,135,89:94
135,128,111:105
129,136,108:92
136,108,96:84
136,12,114:118
136,73,97:96
66,136,89:93
122,136,111:89
199,136,87:101
94,136,103:94
26,136,119:122
122,136,94:90
136,122,98:104
136,206,81:118
199,136,104:94
108,136,88:97
150,136,109:104
136,115,80:94
129,136,96:109
192,136,87:92
185,136,93:91
136,206,98:123
136,157,86:74
157,136,82:109
136,38,108:86
19,136,95:92
5,136,96:105
33,136,81:84
136,101,89:103
185,136,114:117
136,45,95:100
136,199,106:94
73,136,91:84
164,136,69:103
136,33,94:85
136,122,91:113
136,115,93:84
115,136,85:98
150,136,102:99
136,157,96:101
137,130,104:113
137,151,75:88
207,137,100:86
137,60,109:84
137,95,87:74
193,137,102:96
137,186,102:111
109,137,83:108
137,116,112:103
109,137,98:105
137,158,107:101
123,137,89:109
179,137,100:103
137,193,82:73
137,144,74:104
67,137,104:98
137,158,102:100
165,137,86:91
137,39,101:89
137,46,104:115
137,67,93:101
137,116,94:92
137,193,79:88
95,137,107:114
137,165,106:101
137,179,112:107
137,109,93:103
158,137,88:96
193,137,102:95
137,200,127:94
137,179,105:112
130,137,88:111
137,102,102:92
137,172,110:109
137,123,104:112
137,20,97:83
137,27,100:107
137,151,95:108
200,137,100:108
102,137,88:95
137,207,103:109
151,137,98:93
137,151,104:91
180,152,110:112
138,152,83:107
187,152,105:124
124,152,96:121
110,152,94:99
152,103,112:118
152,14,103:90
152,110,112:95
0,152,91:98
21,152,95:92
96,152,108:115
152,145,87:86
152,96,103:89
152,61,120:110
28,152,98:79
152,201,82:97
187,152,104:85
7,152,57:112
152,145,92:99
117,152,94:101
152,173,100:109
40,152,109:96
180,152,106:114
201,152,89:88
152,194,101:95
152,187,93:84
152,40,92:86
152,89,75:89
152,124,106:101
145,152,95:108
152,117,90:87
152,110,90:79
152,201,99:83
152,68,101:87
110,152,98:106
117,152,120:106
201,152,93:102
194,152,109:100
194,152,78:87
152,194,100:86
152,194,88:93
194,152,90:106
1,153,88:87
153,167,91:100
132,153,71:96
104,153,89:92
153,104,90:99
188,153,82:90
153,132,90:87
153,90,80:92
22,153,98:96
146,153,91:96
153,29,89:100
153,111,106:101
153,55,90:95
153,48,85:92
69,153,78:86
125,153,92:103
153,118,85:100
111,153,85:104
153,15,85:88
153,111,105:102
41,153,94:97
153,195,107:101
153,181,104:107
153,174,109:93
125,153,96:103
188,153,102:96
153,139,104:101
118,153,102:93
195,153,85:88
153,195,93:91
104,153,97:103
153,202,97:121
153,104,84:99
153,104,92:88
104,153,87:96
153,118,75:77
118,153,96:99
118,153,103:100
153,118,90:106
175,154,99:91
147,154,105:95
16,154,79:108
154,133,86:95
203,154,84:82
182,154,108:119
35,154,90:95
154,189,98:106
154,175,115:89
23,154,79:77
105,154,103:122
154,182,105:107
154,98,102:96
49,154,94:100
154,182,112:125
154,203,105:108
119,154,116:101
9,154,93:113
154,63,103:108
154,189,93:106
196,154,106:111
154,112,111:100
154,16,98:97
154,35,92:83
154,42,95:116
161,154,85:91
147,154,125:101
70,154,98:99
154,119,105:122
63,154,116:118
154,70,92:96
154,23,99:93
154,161,76:99
98,154,103:100
154,168,103:98
189,154,84:86
154,147,95:109
196,154,96:104
182,154,95:99
154,203,79:91
203,154,120:89
203,154,103:82
148,155,103:116
155,141,94:125
155,176,104:123
155,183,99:98
113,155,113:90
197,155,95:116
141,155,95:102
169,155,86:100
127,155,114:108
155,169,106:100
155,120,97:122
155,190,96:92
113,155,91:104
57,155,111:104
31,155,94:79
155,148,87:123
10,155,120:118
155,162,114:121
155,92,105:114
155,50,103:110
155,113,99:109
155,10,119:108
183,155,134:108
43,155,92:101
36,155,108:102
155,190,103:108
155,127,107:106
148,155,142:94
155,106,126:134
120,155,110:114
204,155,125:109
155,113,107:143
127,155,124:112
190,155,102:90
155,134,119:104
184,156,108:90
149,156,118:111
156,142,104:127
205,156,93:80
156,72,114:109
107,156,101:94
114,156,120:119
156,18,106:96
156,100,95:111
156,44,96:113
170,156,95:98
156,205,112:110
156,114,100:94
121,156,104:103
156,177,98:102
163,156,116:107
156,107,111:103
25,156,87:88
156,128,94:98
93,156,84:101
128,156,106:94
11,156,109:102
156,205,85:99
156,93,97:103
156,11,105:120
107,156,106:96
156,128,86:102
37,156,114:105
121,156,108:101
156,191,90:97
18,156,85:93
72,156,91:86
135,156,80:73
156,121,117:127
156,65,83:94
156,58,113:111
198,156,113:92
128,156,107:77
156,149,100:105
114,156,98:106
177,156,120:106
157,171,114:132
108,157,120:109
157,52,95:99
157,87,88:101
157,178,82:90
66,157,102:91
129,157,107:93
157,59,91:103
157,19,91:111
157,206,87:109
33,157,95:113
185,157,107:87
157,122,78:118
150,157,94:84
157,192,96:112
157,45,112:104
59,157,84:93
157,171,115:118
122,157,117:113
157,143,98:116
171,157,112:93
206,157,108:95
157,129,103:121
115,157,115:119
157,199,99:96
157,206,102:106
157,12,111:120
157,33,101:108
38,157,101:107
157,108,107:117
73,157,106:77
94,157,98:107
192,157,100:107
157,136,75:123
87,157,100:102
157,199,102:110
157,185,110:130
157,122,79:112
158,137,89:96
158,123,96:113
158,172,101:91
39,158,118:125
207,158,116:107
123,158,109:111
74,158,94:109
158,200,88:105
158,67,80:113
158,193,100:103
53,158,118:112
158,60,100:89
158,88,107:115
158,95,90:109
151,158,102:111
67,158,123:114
193,158,102:116
158,130,109:118
130,158,108:87
158,207,94:134
27,158,96:108
158,130,98:105
109,158,116:120
158,102,108:116
158,46,107:113
158,34,122:114
207,158,119:98
158,179,111:122
158,165,122:110
60,158,118:116
158,109,101:129
34,158,107:103
13,158,125:120
158,116,104:119
158,151,104:115
193,158,103:108
200,158,96:108
201,145,97:88
117,145,92:107
145,103,104:111
14,145,113:107
145,110,111:113
145,21,80:107
194,145,95:99
166,145,82:100
201,145,85:90
145,103,104:109
145,124,91:100
89,145,94:85
145,14,109:88
110,145,90:113
68,145,107:98
103,145,93:106
82,145,105:111
110,145,111:126
138,145,109:113
145,180,83:96
28,145,98:105
145,68,100:101
145,89,85:101
145,47,116:108
145,7,119:126
145,194,87:98
40,145,99:92
145,40,108:103
145,187,82:105
54,145,104:94
7,145,92:100
145,152,104:112
61,145,90:94
117,145,92:98
145,187,82:81
187,145,103:110
29,146,86:92
111,146,101:98
62,146,91:103
146,104,109:105
118,146,100:112
146,132,107:105
104,146,112:91
146,8,92:99
146,125,74:71
104,146,95:103
111,146,109:97
146,181,105:103
146,111,94:95
139,146,97:93
160,146,91:87
181,146,91:95
146,22,89:102
146,118,91:114
125,146,97:98
132,146,96:105
146,188,85:94
146,104,104:98
146,160,90:93
195,146,98:107
146,69,102:109
188,146,86:87
188,146,97:101
146,188,80:92
188,146,90:88
146,188,82:72
146,202,88:105
202,146,96:86
202,146,102:99
203,147,84:106
70,147,76:89
147,203,92:87
147,119,111:117
147,35,76:86
196,147,105:98
112,147,95:101
175,147,90:112
63,147,83:102
147,30,111:85
42,147,77:106
147,133,116:114
147,105,78:92
91,147,104:101
147,112,90:77
147,140,99:106
119,147,109:97
126,147,83:96
147,112,96:90
147,63,73:98
147,98,90:98
147,49,102:88
182,147,96:106
203,147,116:90
133,147,94:107
147,23,99:91
147,9,105:89
189,147,96:85
147,168,101:116
35,147,95:101
147,196,105:91
147,203,102:104
147,182,81:98
112,147,95:111
147,189,91:87
126,147,77:93
189,147,91:112
189,147,91:93
147,189,82:94
147,189,83:104
189,147,103:93
147,189,105:118
141,148,115:126
148,169,110:101
148,183,107:94
113,148,107:109
36,148,103:110
148,113,102:98
148,120,91:105
148,71,97:107
148,190,101:81
148,10,82:88
148,57,94:83
197,148,95:108
106,148,91:112
113,148,116:120
162,148,107:88
148,204,92:116
43,148,105:111
148,50,109:95
148,17,112:103
148,31,114:86
148,106,115:116
64,148,105:118
127,148,117:122
204,148,113:103
148,190,96:102
148,120,125:117
183,148,93:101
197,148,76:108
148,162,104:96
17,148,103:112
148,197,96:98
148,183,118:107
148,113,114:104
120,148,107:101
106,148,105:117
120,148,118:112
120,148,99:101
148,120,104:105
120,148,104:98
121,149,90:93
135,149,101:107
128,149,102:106
149,184,102:85
93,149,86:114
198,149,100:120
163,149,120:121
149,25,103:96
149,100,96:104
149,32,106:111
25,149,100:102
149,107,106:109
32,149,102:106
149,205,118:125
86,149,104:90
11,149,126:121
149,170,117:108
44,149,93:102
37,149,84:123
149,135,94:89
149,205,105:85
149,37,100:102
149,65,107:123
205,149,115:119
149,184,105:110
149,191,97:79
149,114,110:105
149,170,116:105
198,149,100:107
149,58,119:98
149,128,126:122
149,107,107:92
191,149,86:94
107,149,103:110
205,149,111:107
149,205,114:105
149,205,102:96
205,149,109:111
184,149,99:124
184,149,95:128
149,184,103:124
184,149,119:107
164,150,96:102
150,143,108:112
185,150,109:105
19,150,96:101
150,129,91:102
66,150,91:80
136,150,102:91
199,150,90:111
115,150,99:107
26,150,103:91
150,115,110:106
150,33,109:95
150,5,80:83
150,38,105:100
150,206,107:115
150,101,108:91
199,150,111:114
87,150,90:104
185,150,132:140
150,12,102:115
150,66,94:112
150,73,85:83
157,150,93:105
150,94,107:93
150,45,134:139
206,150,86:105
108,150,87:81
38,150,95:105
73,150,107:97
150,122,108:120
52,150,94:101
12,150,114:90
150,185,122:106
150,143,98:114
150,115,99:79
150,122,117:119
192,150,84:110
129,150,95:115
150,129,88:96
129,150,108:98
150,129,103:106
151,207,116:92
20,151,82:114
130,151,80:111
151,123,110:108
151,116,119:105
39,151,95:127
6,151,95:102
67,151,115:123
27,151,111:102
130,151,120:121
151,88,102:98
151,102,110:117
109,151,102:119
151,200,98:102
151,186,116:140
151,123,88:114
193,151,106:115
158,151,97:113
123,151,98:120
116,151,104:101
151,74,115:105
144,151,133:120
151,53,119:115
151,137,88:72
74,151,84:99
186,151,122:103
151,193,114:98
151,109,114:129
13,151,78:108
102,151,124:133
151,165,124:118
179,151,101:112
151,207,98:87
186,151,96:125
137,151,97:95
137,151,91:99
151,137,111:106
151,137,98:105
137,151,96:92
117,124,107:106
61,124,84:97
14,124,78:100
124,117,108:110
131,124,103:94
124,40,95:99
124,96,79:83
124,187,73:86
28,124,80:106
124,103,77:95
131,124,89:100
124,180,103:100
124,110,108:98
82,124,107:100
21,124,92:97
40,124,88:78
201,124,86:99
124,110,95:81
194,124,96:103
68,124,90:83
180,124,103:87
54,124,101:110
124,152,80:84
124,117,90:99
124,131,98:87
152,124,86:93
124,138,86:110
124,173,81:89
173,124,92:97
173,124,103:96
104,125,102:111
125,118,103:93
146,125,97:105
90,125,107:104
125,202,83:99
125,69,89:92
125,15,91:94
188,125,84:97
125,139,93:101
160,125,71:109
104,125,97:117
125,195,94:86
125,139,93:91
69,125,77:97
202,125,97:137
125,104,95:104
83,125,107:93
195,125,74:86
125,111,94:106
125,41,86:104
125,97,110:99
125,22,75:92
125,118,95:111
29,125,116:87
188,125,93:97
139,125,87:90
118,125,109:95
195,125,93:99
111,125,106:119
125,174,99:97
181,125,94:89
139,125,110:118
125,167,103:104
125,188,89:93
125,202,89:124
154,126,106:116
126,119,92:106
126,175,91:114
70,126,95:87
126,168,103:86
2,126,94:102
126,161,87:114
112,126,95:103
126,35,85:98
126,42,78:96
126,9,118:117
203,126,90:98
196,126,94:95
105,126,93:101
168,126,91:109
126,154,87:104
126,49,105:100
126,63,79:102
126,112,102:97
91,126,119:125
119,126,87:83
126,105,111:115
30,126,110:104
98,126,98:95
23,126,80:100
147,126,100:101
126,112,100:98
126,182,103:118
126,196,63:99
126,154,107:111
42,126,86:92
105,126,111:109
126,189,85:91
126,196,96:98
189,126,102:97
126,70,104:93
35,126,111:93
182,126,116:98
119,126,106:90
127,106,113:98
204,127,105:115
17,127,103:109
127,64,118:110
127,31,91:82
127,141,113:101
50,127,91:102
183,127,104:111
127,17,111:109
127,10,119:116
127,113,109:120
197,127,107:110
148,127,112:116
127,197,108:110
127,120,98:94
92,127,94:110
10,127,96:108
127,204,109:100
113,127,104:115
190,127,98:81
64,127,103:106
127,113,117:110
120,127,98:95
204,127,111:109
127,106,100:95
36,127,80:124
71,127,78:102
127,183,113:118
127,190,99:109
127,204,90:103
31,127,115:120
99,127,103:116
127,85,91:93
127,92,85:95
190,127,98:105
148,127,104:110
183,127,120:123
127,183,98:108
183,127,98:99
204,127,118:103
127,204,82:104
121,128,89:106
11,128,82:101
107,128,100:116
128,107,130:113
37,128,87:97
198,128,93:102
128,44,94:88
191,128,112:99
114,128,93:107
128,107,105:103
25,128,82:88
128,18,98:86
128,114,82:90
205,128,95:108
32,128,97:104
128,205,129:119
128,121,115:111
51,128,79:101
72,128,115:107
86,128,83:99
93,128,92:103
149,128,100:94
128,191,98:102
44,128,90:89
100,128,96:103
128,11,94:99
163,128,87:108
128,177,101:111
205,128,95:111
128,149,98:93
128,114,113:121
128,163,87:81
198,128,90:99
114,128,91:116
128,121,90:101
128,191,86:100
128,191,82:97
191,128,115:109
191,128,92:99
199,129,94:112
164,129,101:90
192,129,96:115
19,129,120:103
129,108,104:108
129,192,100:101
129,185,103:108
129,150,87:102
26,129,111:123
129,12,100:105
199,129,101:105
12,129,76:105
129,171,98:94
150,129,109:98
122,129,110:115
129,59,89:114
129,101,108:98
171,129,97:112
115,129,93:96
33,129,95:107
129,185,96:79
129,192,112:106
185,129,103:116
38,129,104:112
185,129,119:105
129,52,104:85
129,45,93:116
129,19,103:123
129,122,94:128
129,206,110:118
129,199,117:112
129,150,94:96
45,129,109:116
122,129,115:120
115,129,106:105
129,150,81:102
143,129,132:125
151,130,114:106
130,165,115:118
165,130,121:124
172,130,120:122
6,130,113:88
130,186,109:126
130,39,129:109
130,53,103:107
200,130,104:119
186,130,130:114
130,34,107:115
130,193,86:88
130,27,111:118
123,130,95:114
179,130,96:95
67,130,95:91
130,207,94:110
130,116,95:89
20,130,125:124
130,102,101:120
130,60,92:93
130,46,127:123
193,130,109:112
74,130,109:104
130,67,106:112
130,20,113:120
123,130,109:114
60,130,108:114
130,74,113:97
34,130,93:90
130,158,97:81
165,130,117:130
130,116,109:110
130,137,87:106
116,130,98:105
137,130,86:101
200,130,103:100
130,144,81:110
144,130,128:103
40,7,87:95
47,40,101:105
40,14,109:86
28,40,102:105
40,187,116:110
96,40,83:114
117,40,89:84
40,68,99:76
61,40,101:110
40,7,106:87
68,40,90:102
21,40,88:99
40,89,78:86
194,40,83:81
40,61,93:79
110,40,93:96
14,40,82:86
40,96,83:85
89,40,80:91
40,28,89:83
28,40,56:87
21,40,80:92
40,194,89:85
40,21,100:107
40,68,83:88
14,40,90:101
40,96,94:95
47,40,85:87
82,40,81:97
41,195,78:97
15,41,85:96
41,97,94:86
97,41,92:100
41,22,83:97
41,97,100:94
90,41,56:87
62,41,64:100
188,41,80:98
41,62,74:86
41,15,81:96
41,8,86:83
29,41,96:102
41,55,71:103
41,146,94:85
41,104,91:98
41,29,100:91
97,41,76:88
41,111,100:79
83,41,72:91
202,41,87:86
69,41,86:88
41,62,79:84
41,69,92:97
29,41,74:87
41,69,74:83
41,69,87:80
41,69,86:87
69,41,80:83
55,41,82:81
41,55,83:92
41,55,75:82
41,83,111:115
83,41,91:93
41,83,94:90
41,83,88:101
42,84,107:120
30,42,99:88
42,35,97:102
42,91,116:110
35,42,95:83
42,30,88:91
112,42,94:104
42,203,88:103
42,2,89:100
9,42,91:103
189,42,93:83
42,70,89:81
42,49,102:96
182,42,91:103
42,16,88:103
42,9,90:95
84,42,98:100
91,42,84:97
147,42,104:106
42,63,99:95
2,42,69:71
42,105,90:97
140,42,86:94
42,23,83:81
42,119,79:91
63,42,88:112
42,196,86:87
42,9,93:92
70,42,107:118
42,112,100:110
16,42,93:98
9,42,97:91
98,42,96:107
42,84,101:109
42,91,120:88
42,63,90:114
49,42,90:97
42,49,92:86
49,42,88:80
43,17,77:87
134,43,87:97
43,92,91:89
92,43,105:120
43,113,88:106
43,204,93:104
24,43,97:82
43,71,94:87
10,43,86:103
43,31,85:92
43,36,96:104
148,43,96:88
17,43,107:106
43,24,79:106
71,43,92:91
197,43,95:92
43,120,96:119
43,141,97:99
183,43,104:92
155,43,107:104
120,43,101:83
36,43,85:79
176,43,102:91
71,43,104:115
24,43,102:97
36,43,84:91
50,43,116:92
43,176,89:94
43,36,98:114
43,3,80:94
43,99,92:118
57,43,111:102
43,17,111:115
43,10,111:99
99,43,118:102
37,44,105:121
44,184,90:104
44,177,113:118
25,44,98:101
11,44,122:121
44,58,101:90
4,44,109:102
18,44,102:109
44,100,132:133
93,44,92:109
114,44,98:114
44,86,84:100
44,93,95:100
44,37,89:81
44,65,96:109
198,44,100:108
72,44,105:91
44,107,100:99
44,142,111:114
44,135,99:90
184,44,93:87
44,51,108:97
58,44,96:107
44,32,93:96
44,170,101:109
44,156,111:118
142,44,106:101
44,11,79:110
44,198,104:98
191,44,92:95
93,44,88:95
44,25,93:89
44,121,118:122
44,37,110:91
25,44,87:100
44,18,113:103
44,11,99:90
11,44,78:117
65,44,93:95
44,32,105:100
44,11,100:113
44,11,91:99
59,45,95:112
206,45,95:87
101,45,98:118
45,33,99:83
26,45,102:91
73,45,93:106
45,122,100:85
45,185,111:95
45,38,101:111
101,45,78:111
45,94,91:110
45,199,111:93
12,45,89:77
45,19,116:119
73,45,109:101
115,45,99:113
45,19,99:93
38,45,100:97
45,38,103:94
45,192,98:101
26,45,94:103
45,66,109:115
5,45,101:110
45,101,116:91
108,45,103:111
94,45,94:113
171,45,119:128
45,33,111:112
45,136,93:111
45,115,122:124
45,12,103:120
185,45,102:98
45,26,98:103
122,45,130:109
45,66,91:105
94,45,96:107
66,45,79:91
45,157,107:100
33,45,109:124
45,73,107:118
73,45,103:111
45,73,83:110
39,46,117:122
6,46,100:107
46,13,122:128
46,102,93:118
46,27,105:99
46,200,105:106
144,46,104:88
46,116,99:93
46,39,111:92
207,46,109:103
46,60,107:106
46,95,117:87
67,46,101:94
46,193,112:109
46,27,109:102
123,46,117:112
193,46,103:113
46,67,106:114
46,74,103:101
46,102,108:123
95,46,98:128
46,34,112:108
20,46,109:113
67,46,104:109
151,46,102:107
46,67,97:107
46,151,102:116
46,144,99:86
46,109,99:119
46,39,98:95
102,46,102:110
27,46,100:109
34,46,103:100
95,46,116:117
13,46,114:91
46,74,116:123
34,46,94:112
46,6,104:87
102,46,101:123
46,102,91:92
102,46,105:115
13,46,117:104
13,46,130:86
46,13,111:108
68,110,113:103
110,180,94:120
110,68,105:111
201,110,113:109
110,201,101:107
7,110,95:129
110,47,114:121
117,110,111:103
14,110,99:109
110,159,122:128
110,124,102:107
110,103,113:115
194,110,98:113
103,110,119:113
110,201,91:94
201,110,107:96
96,110,97:109
110,124,102:113
180,110,129:125
117,110,118:117
187,110,102:84
110,61,100:111
103,110,113:100
110,194,104:92
110,180,112:108
110,21,105:116
110,28,88:94
187,110,104:95
194,110,95:81
110,96,96:103
173,110,108:105
40,110,85:82
0,110,108:91
110,187,89:106
159,110,108:98
110,103,106:130
180,110,121:102
111,29,95:98
188,111,90:86
111,97,93:72
111,62,87:97
111,195,87:80
111,69,91:93
15,111,85:93
111,132,98:108
181,111,107:92
22,111,109:99
181,111,91:100
167,111,84:86
111,188,80:85
48,111,100:98
111,181,111:98
111,104,101:103
111,125,122:110
111,118,140:149
104,111,100:117
111,188,86:93
139,111,97:94
111,195,90:99
111,104,107:113
146,111,95:82
118,111,115:110
188,111,91:84
111,15,91:80
139,111,93:88
104,111,131:102
112,63,86:105
112,35,107:96
91,112,75:90
23,112,94:96
112,2,80:87
105,112,101:94
112,56,105:88
9,112,73:91
105,112,105:108
119,112,93:99
182,112,87:84
112,196,92:104
112,175,98:113
182,112,79:92
112,70,96:104
35,112,91:83
112,9,100:92
112,154,94:116
112,126,94:109
84,112,97:81
98,112,82:87
112,105,88:111
196,112,95:97
112,189,77:92
112,168,98:101
112,161,117:86
112,16,105:82
154,112,120:117
119,112,93:101
189,112,99:86
63,112,95:93
16,112,101:107
92,113,115:120
113,10,92:93
141,113,106:93
176,113,108:116
10,113,95:124
113,106,113:117
113,183,101:112
113,24,84:98
113,120,103:113
57,113,99:106
113,204,110:117
113,43,97:101
113,31,117:95
176,113,100:98
197,113,112:124
120,113,115:111
113,204,86:104
113,64,89:94
113,3,95:86
190,113,94:90
113,71,113:120
113,197,91:98
183,113,107:89
106,113,90:117
24,113,91:104
113,162,110:101
113,169,108:97
113,106,132:128
64,113,111:104
31,113,101:112
162,113,127:120
113,190,92:109
71,113,83:107
113,36,99:114
113,92,92:100
204,113,91:110
183,113,110:112
113,169,103:106
113,141,120:130
114,191,101:105
18,114,91:97
114,37,98:91
114,93,103:112
184,114,113:101
205,114,121:92
32,114,103:86
184,114,114:112
114,205,101:123
114,100,95:109
25,114,100:96
114,11,104:125
114,107,102:106
114,142,97:110
135,114,101:89
114,32,84:98
205,114,108:93
114,25,110:101
114,107,113:105
198,114,92:84
114,72,100:112
191,114,89:90
114,18,112:101
72,114,117:105
163,114,109:111
114,184,102:113
107,114,100:85
114,163,97:106
114,121,99:113
37,114,122:106
114,65,100:105
156,114,101:99
114,184,110:120
114,198,88:110
135,114,104:84
198,114,100:88
121,114,138:113
115,108,95:78
129,115,106:101
115,73,117:107
19,115,96:86
59,115,95:100
115,171,101:91
94,115,96:93
108,115,112:100
206,115,108:83
26,115,102:88
115,19,90:115
33,115,95:85
108,115,78:74
178,115,93:87
122,115,101:96
115,185,104:107
115,122,93:113
115,12,107:114
122,115,126:123
115,136,90:103
115,150,108:102
199,115,116:102
115,199,112:110
115,178,101:128
101,115,104:98
38,115,118:132
115,122,99:96
115,164,104:107
115,185,111:116
115,101,132:129
164,115,116:121
178,115,88:78
185,115,129:105
116,193,98:102
109,116,102:99
116,123,92:112
116,39,110:119
116,95,123:107
116,193,71:93
116,200,96:117
116,165,98:85
116,144,102:115
207,116,105:91
116,67,110:124
20,116,117:90
116,6,99:94
186,116,111:109
116,109,103:105
34,116,99:116
116,102,105:112
116,179,87:98
116,207,114:122
109,116,108:111
27,116,109:103
95,116,105:111
116,13,97:125
116,20,108:116
200,116,122:106
116,207,90:97
151,116,91:107
116,34,95:102
116,46,104:117
116,200,109:123
207,116,100:93
116,158,119:130
116,144,107:121
116,158,109:110
116,186,118:123
28,194,91:95
194,201,99:90
194,180,107:99
82,194,93:96
194,28,87:81
124,194,87:107
201,194,109:95
194,117,89:95
47,194,100:92
117,194,97:92
194,14,108:111
68,194,86:93
194,96,92:81
194,152,97:101
194,103,96:87
194,180,110:105
61,194,81:85
194,68,100:59:00
201,194,72:96
117,194,89:91
194,138,112:103
194,166,96:102
194,159,102:104
194,117,93:104
194,89,99:93
180,194,91:89
194,61,90:96
194,187,98:91
194,7,96:81
194,0,77:85
103,194,114:103
194,152,84:102
124,194,91:95
187,194,93:81
194,173,89:121
152,194,98:80
160,195,93:78
195,167,80:96
104,195,96:88
195,174,81:96
118,195,95:85
195,181,88:90
195,118,91:101
90,195,67:93
195,15,87:89
1,195,90:67
195,29,92:89
195,118,93:101
195,22,108:117
62,195,95:84
174,195,92:97
22,195,102:84
195,167,98:99
195,104,97:110
195,111,95:89
97,195,99:89
195,146,85:97
104,195,92:94
132,195,85:96
188,195,75:88
181,195,99:105
203,196,99:95
196,182,96:100
196,105,84:102
133,196,96:84
189,196,96:89
196,84,90:106
98,196,77:70
196,147,77:93
196,203,94:99
23,196,81:75
63,196,104:97
203,196,88:95
182,196,79:88
168,196,105:114
196,203,102:106
196,105,98:113
196,112,86:115
196,70,111:100
196,63,89:102
196,119,74:119
91,196,105:102
196,189,85:96
196,35,98:108
196,98,87:96
140,196,93:72
189,196,83:90
105,196,86:110
9,196,92:112
196,140,88:98
197,190,99:84
155,197,85:96
10,197,100:104
197,204,93:112
17,197,106:111
197,106,93:102
106,197,89:105
197,183,98:107
197,24,82:99
197,85,88:107
99,197,102:96
204,197,101:95
183,197,103:100
197,190,95:92
197,17,103:101
92,197,92:100
197,113,77:88
197,36,81:93
197,64,101:108
197,31,102:98
148,197,123:110
197,162,104:116
31,197,104:112
106,197,107:111
190,197,90:88
127,197,111:103
64,197,107:100
197,71,111:105
36,197,104:109
197,204,80:96
197,134,96:100
197,127,94:100
197,120,94:116
197,183,104:111
120,197,89:101
183,197,100:105
198,191,81:93
198,11,111:118
156,198,102:109
198,135,106:94
170,198,99:89
198,156,104:87
198,121,101:99
205,198,90:97
198,205,93:95
191,198,95:106
198,18,105:94
156,198,80:96
107,198,93:85
72,198,100:115
198,121,116:113
4,198,107:72
135,198,100:96
25,198,106:93
198,93,84:95
198,86,105:91
37,198,96:102
198,37,111:91
184,198,95:93
198,191,74:110
163,198,75:90
205,198,103:108
142,198,123:119
94,199,103:94
199,73,98:106
199,66,81:100
199,52,87:95
108,199,115:98
199,122,103:110
206,199,90:104
129,199,89:115
185,199,108:110
199,94,89:104
150,199,95:89
199,178,105:98
26,199,91:86
199,157,91:95
199,192,99:101
33,199,99:116
185,199,112:111
171,199,105:114
38,199,103:105
192,199,110:95
199,206,97:110
199,12,84:99
199,101,89:109
199,185,95:100
199,171,123:108
150,199,105:109
199,206,92:100
199,45,97:104
164,199,121:100
109,200,107:102
34,200,117:113
200,193,83:89
200,34,112:106
158,200,126:99
200,95,82:89
130,200,101:113
151,200,114:96
193,200,110:108
200,151,105:133
27,200,95:102
200,186,100:122
200,207,100:113
200,13,82:90
200,46,108:117
200,53,110:96
200,39,104:95
200,6,99:107
200,27,95:98
95,200,98:118
39,200,143:114
13,200,122:124
123,200,114:105
102,200,107:94
200,67,106:108
200,20,98:118
200,193,95:91
186,200,129:99
200,123,110:118
20,200,86:109
207,200,101:98
200,137,83:88
67,200,94:87
130,200,77:100
186,200,112:128
193,200,82:95
200,186,107:117
179,200,118:121
14,68,85:94
96,14,110:115
47,14,125:116
14,89,79:90
7,14,92:102
14,180,83:97
14,194,74:93
61,14,120:116
68,14,80:103
14,152,83:108
54,14,109:112
187,14,107:99
14,61,101:95
173,14,89:103
14,89,103:96
103,14,109:100
14,28,89:78
14,7,103:94
124,14,105:100
14,21,101:102
131,14,116:120
96,14,102:113
14,117,94:104
14,103,101:131
14,68,96:104
82,14,100:94
14,7,91:97
21,14,88:100
14,21,101:111
28,14,100:110
15,22,79:91
22,15,88:96
90,15,78:89
15,1,68:92
174,15,100:86
15,29,93:102
139,15,99:91
15,181,80:97
69,15,107:101
29,15,80:88
202,15,99:95
15,8,100:101
15,62,93:103
15,188,83:100
69,15,85:86
62,15,86:105
15,104,115:116
15,48,79:101
15,1,71:83
90,15,95:102
97,15,94:99
15,69,96:101
29,15,113:97
1,15,100:94
15,69,84:116
62,15,73:76
15,22,97:103
16,119,94:105
16,56,94:76
42,16,83:103
16,91,74:90
63,16,90:91
126,16,101:108
16,189,78:90
9,16,79:89
16,9,104:97
105,16,101:94
16,35,105:107
147,16,88:76
16,63,91:97
98,16,68:100
16,70,119:126
30,16,94:96
70,16,84:85
16,30,103:87
91,16,90:105
16,2,82:85
16,91,104:102
30,16,117:90
9,16,99:117
35,16,93:90
203,16,109:119
196,16,105:86
98,16,85:96
189,16,105:91
16,23,82:114
23,16,90:72
70,16,114:103
16,98,96:95
16,196,95:100
16,147,97:129
35,16,119:82
16,84,89:103
16,63,108:98
16,9,111:104
16,35,99:103
17,190,108:111
24,17,99:91
120,17,119:110
17,155,99:114
17,71,85:93
31,17,94:113
155,17,106:102
57,17,100:115
17,31,105:98
17,24,101:96
183,17,114:97
17,92,92:109
17,64,91:112
134,17,110:89
17,99,104:98
17,31,101:104
17,176,106:116
92,17,87:103
17,92,98:112
36,17,95:111
204,17,100:109
176,17,113:102
50,17,85:96
17,113,101:114
17,64,87:101
10,17,97:96
31,17,111:116
17,24,94:101
17,36,104:116
17,71,102:95
17,120,111:112
18,107,79:89
37,18,102:90
51,18,95:98
32,18,95:98
18,100,103:107
18,121,96:89
93,18,107:93
163,18,88:86
18,72,89:99
18,32,86:98
149,18,104:98
32,18,104:88
121,18,96:94
177,18,117:106
18,37,105:110
25,18,109:119
18,11,103:80
18,93,109:86
170,18,95:114
18,205,105:104
72,18,106:103
37,18,93:98
18,65,114:111
18,65,110:114
11,18,103:95
205,18,104:87
100,18,89:106
11,18,102:93
51,18,121:115
18,100,95:99
18,184,93:103
18,128,99:118
65,18,104:108
18,93,111:97
72,18,95:105
86,18,98:99
25,18,107:103
18,11,97:109
18,51,112:90
19,73,106:94
136,19,87:92
26,19,94:82
19,164,100:92
19,143,95:109
12,19,99:104
101,19,97:95
19,33,88:109
19,122,87:103
19,38,83:87
192,19,93:92
19,59,107:95
26,19,96:118
19,87,93:92
19,73,100:107
19,52,96:108
19,26,82:94
94,19,89:115
19,45,99:94
38,19,89:103
19,192,101:103
143,19,95:113
5,19,111:101
19,185,123:114
59,19,97:110
12,19,114:106
19,66,107:111
19,38,105:100
19,45,95:102
66,19,103:89
108,19,103:92
19,101,86:98
199,19,111:106
19,33,102:91
66,19,101:114
19,206,81:97
19,101,81:124
73,19,118:114
171,19,108:115
38,19,103:115
33,19,91:92
19,87,89:107
19,94,108:104
101,19,99:112
19,12,101:106
19,12,90:107
12,19,101:91
12,19,100:98
95,20,82:108
34,20,83:98
20,39,101:109
109,20,86:103
20,207,86:96
20,109,106:95
20,53,102:105
46,20,94:92
88,20,84:107
20,123,88:106
20,46,121:114
20,74,121:85
193,20,98:86
144,20,119:113
13,20,90:106
34,20,119:94
20,74,98:105
20,88,107:98
27,20,121:116
20,137,77:110
20,158,102:97
74,20,95:118
102,20,112:113
20,88,103:116
20,27,84:105
158,20,102:121
46,20,104:98
20,27,98:115
13,20,101:106
20,13,96:128
20,95,87:115
20,53,95:109
67,20,105:102
20,193,103:90
102,20,105:101
91,35,74:82
35,91,98:86
35,84,89:102
119,35,117:111
30,35,97:88
35,63,94:88
56,35,92:95
42,35,93:76
35,30,93:108
9,35,100:103
35,203,73:104
35,119,110:93
35,98,115:113
168,35,93:113
23,35,86:97
70,35,89:94
35,49,88:85
35,189,77:101
35,98,74:89
203,35,111:86
105,35,108:119
30,35,111:113
35,30,97:94
182,35,106:96
189,35,76:72
35,196,101:97
98,35,78:95
35,70,93:80
70,35,105:93
35,175,113:96
35,105,87:109
35,9,113:95
35,63,87:93
2,35,90:82
35,2,95:92
36,92,86:107
134,36,88:104
24,36,96:91
36,169,86:107
127,36,108:98
36,113,81:111
17,36,109:97
36,64,102:100
155,36,99:94
36,190,97:88
106,36,111:87
148,36,93:102
36,17,99:103
99,36,113:107
36,57,120:121
24,36,103:86
3,36,95:78
31,36,93:104
36,204,92:113
36,120,95:93
10,36,82:89
36,64,80:96
36,71,127:110
120,36,120:95
36,24,96:97
36,106,112:89
190,36,94:103
169,36,89:104
64,36,97:101
36,99,94:101
162,36,95:108
10,36,97:108
36,92,111:115
71,36,93:88
36,10,85:114
36,64,95:100
64,36,87:79
36,64,113:115
36,64,104:103
36,85,82:94
85,36,90:104
121,37,85:116
93,37,96:104
86,37,95:83
37,121,94:92
37,205,87:99
72,37,98:75
11,37,110:88
37,4,80:105
37,11,91:95
107,37,96:102
37,44,109:107
25,37,110:85
37,4,96:82
184,37,113:99
37,100,102:80
37,135,73:108
37,72,102:113
65,37,127:122
37,65,109:93
51,37,88:92
37,100,77:114
37,107,110:82
37,184,98:102
135,37,95:88
37,58,94:87
11,37,98:106
25,37,106:111
65,37,109:114
128,37,96:106
100,37,80:117
37,32,73:96
93,37,88:101
37,72,92:99
72,37,83:91
72,37,115:120
38,206,75:102
38,73,87:101
157,38,104:98
38,122,99:110
185,38,105:110
94,38,105:82
87,38,104:98
38,26,97:104
38,5,105:102
178,38,119:118
38,94,93:100
66,38,91:74
94,38,83:77
206,38,106:79
52,38,104:110
122,38,106:116
38,178,79:91
26,38,114:100
171,38,119:128
192,38,109:90
38,164,116:106
38,136,98:96
38,66,99:104
38,59,89:95
33,38,109:100
59,38,114:131
12,38,95:104
26,38,110:120
38,12,87:107
199,38,106:87
38,101,103:121
38,26,105:129
101,38,120:111
66,38,103:96
39,34,108:110
39,123,105:124
34,39,111:93
39,34,103:112
102,39,118:113
39,207,101:130
39,186,118:122
39,95,111:118
39,60,107:108
39,67,104:116
39,13,99:119
39,102,95:118
39,27,109:121
13,39,116:108
74,39,117:97
39,67,113:132
186,39,137:112
207,39,112:86
88,39,109:106
27,39,106:97
67,39,103:95
193,39,112:103
34,39,129:125
39,109,109:129
39,137,97:112
39,193,122:109
39,74,105:110
39,179,96:105
165,39,98:126
39,102,108:129
39,74,107:92
39,20,89:90
95,39,111:121
74,39,82:91
6,39,106:107
39,46,105:114
28,110,85:96
28,21,94:90
152,28,118:107
28,14,89:103
89,28,85:96
180,28,91:97
68,28,95:80
28,82,89:101
28,180,84:93
96,28,87:100
28,7,102:88
187,28,94:81
28,0,83:92
68,28,90:98
61,28,74:92
28,96,85:100
28,187,86:89
21,28,103:97
14,28,90:92
89,28,93:89
0,28,95:87
28,61,104:98
28,21,88:89
28,89,72:78
61,28,86:93
97,29,81:102
29,104,86:91
202,29,103:106
29,181,105:99
15,29,82:103
29,8,113:112
90,29,99:94
90,29,93:90
97,29,118:119
1,29,106:104
48,29,114:119
29,62,105:99
8,29,105:115
22,29,125:104
188,29,99:95
8,29,98:107
125,29,94:116
22,29,105:99
29,22,109:118
62,29,86:92
189,30,108:90
30,98,101:91
42,30,96:92
23,30,85:99
30,112,85:95
30,196,81:102
30,9,90:86
9,30,94:82
84,30,85:104
203,30,117:110
30,154,88:104
30,9,108:113
91,30,98:107
16,30,105:100
98,30,102:90
70,30,103:102
30,182,110:107
133,30,108:109
30,140,103:93
91,30,109:115
126,30,95:102
30,70,90:98
70,30,104:99
63,30,83:100
30,91,103:113
105,30,112:111
30,119,95:89
31,43,105:98
10,31,104:109
176,31,91:83
31,24,77:104
120,31,92:79
99,31,100:92
31,99,109:105
31,3,78:74
204,31,109:77
31,176,93:106
50,31,107:101
31,10,111:114
31,134,87:96
31,162,100:116
31,120,85:101
31,64,94:116
190,31,82:77
31,204,82:110
31,10,78:93
31,92,102:113
31,190,90:99
31,106,100:110
106,31,101:90
24,31,110:100
31,24,96:101
36,31,107:98
169,31,116:102
92,31,98:105
31,71,97:102
155,31,105:108
31,85,77:96
31,3,90:102
64,31,102:98
24,31,104:102
10,31,116:119
31,64,100:110
71,31,111:103
32,100,97:108
32,25,87:81
4,32,95:86
121,32,78:85
32,37,122:118
32,65,82:124
184,32,117:103
32,11,108:111
32,170,108:107
32,72,107:77
32,11,96:80
32,4,87:95
51,32,79:95
32,205,95:101
32,93,115:100
128,32,88:95
37,32,97:103
107,32,81:89
32,107,95:106
93,32,91:97
32,198,84:85
205,32,114:103
11,32,108:90
142,32,108:95
32,44,110:101
11,32,104:99
32,4,82:91
33,66,87:106
33,38,103:96
33,52,99:92
33,108,102:103
12,33,105:108
33,101,86:115
33,12,100:115
33,26,86:123
33,94,90:114
108,33,74:92
33,19,95:102
129,33,88:90
33,66,83:90
33,150,90:103
33,122,123:131
178,33,95:96
5,33,101:106
33,101,101:106
73,33,101:108
33,192,83:103
101,33,92:99
33,73,117:109
33,45,107:112
26,33,104:99
115,33,101:116
199,33,92:103
192,33,86:96
33,12,104:113
94,33,110:113
5,33,102:98
12,33,109:80
33,94,98:107
26,33,97:92
27,34,107:125
95,34,89:93
67,34,105:99
34,95,104:96
207,34,97:96
34,67,100:122
6,34,97:108
34,6,95:69
13,34,114:108
34,13,102:113
102,34,96:123
34,102,102:107
123,34,94:98
34,207,109:107
88,34,108:116
34,186,92:111
34,95,96:112
60,34,114:109
34,109,117:121
137,34,109:95
34,13,95:102
109,34,110:98
151,34,101:112
67,34,94:101
34,151,97:96
34,144,92:117
34,172,116:98
74,34,97:100
20,34,105:108
34,123,79:110
34,67,97:83
34,67,100:106
67,34,77:104
67,34,87:76
34,67,93:118
67,34,92:89
68,187,119:104
110,187,89:109
187,166,100:91
187,96,86:89
82,187,95:97
152,187,96:98
187,68,109:112
180,187,127:111
187,103,107:108
187,159,104:98
187,145,84:83
187,21,104:90
61,187,85:96
117,187,105:110
131,187,99:110
187,117,100:109
0,187,96:84
180,187,110:115
187,61,100:98
187,54,99:94
96,187,93:107
89,187,97:100
187,180,93:95
103,187,108:116
54,187,91:102
187,103,107:120
201,187,93:109
187,173,104:103
117,187,101:107
21,187,78:99
187,40,90:87
166,187,96:101
194,187,89:111
201,187,88:91
187,201,103:110
201,187,91:99
187,117,114:101
187,117,102:111
117,187,93:101
117,187,133:123
117,187,83:95
187,117,90:105
188,202,82:95
167,188,96:113
118,188,100:95
195,188,99:108
1,188,86:102
188,195,93:87
188,139,91:90
188,160,84:86
202,188,83:73
104,188,97:100
188,118,94:101
139,188,103:104
188,181,93:97
188,62,102:99
153,188,116:111
62,188,114:110
188,181,89:98
188,118,94:88
139,188,94:98
188,174,85:95
188,83,97:82
188,202,97:107
195,188,91:103
8,188,101:109
146,188,99:98
146,188,98:105
189,147,92:101
182,189,85:93
189,119,107:97
49,189,95:105
105,189,97:92
9,189,78:84
189,161,80:82
189,105,94:99
30,189,80:90
189,23,83:88
203,189,98:101
189,203,82:103
189,2,85:82
23,189,82:81
189,119,89:106
98,189,76:85
189,70,92:103
140,189,93:99
112,189,88:105
189,63,88:82
91,189,82:88
189,133,84:90
42,189,106:110
189,98,94:107
189,168,89:87
189,119,91:93
189,119,99:93
119,189,97:103
189,119,88:84
189,203,83:105
189,203,89:93
203,189,93:86
190,204,94:101
141,190,90:108
190,24,79:95
64,190,103:87
190,155,89:86
190,148,106:102
204,190,102:86
141,190,108:82
92,190,85:94
120,190,116:100
190,197,98:104
113,190,101:93
190,176,91:105
190,50,95:87
106,190,99:120
190,106,108:111
190,17,112:84
190,183,88:87
183,190,81:99
190,10,83:91
99,190,89:92
190,92,86:81
50,190,93:98
10,190,96:110
190,99,110:104
134,190,86:96
190,85,86:91
24,190,71:82
190,134,91:87
190,106,94:92
176,190,105:106
190,120,86:100
190,120,111:105
120,190,95:98
190,120,100:99
120,190,104:84
190,120,109:120
156,191,102:107
18,191,88:95
184,191,93:119
191,156,99:93
205,191,107:101
142,191,98:105
191,11,91:105
184,191,117:111
191,156,109:106
191,107,85:114
191,72,86:96
191,37,103:92
191,93,106:96
177,191,103:95
65,191,86:92
58,191,83:101
107,191,69:99
37,191,86:95
191,121,89:105
191,114,101:97
191,184,102:100
191,198,89:95
191,4,101:91
191,100,87:107
32,191,83:96
107,191,81:92
142,191,107:84
191,205,89:103
170,191,83:97
121,191,92:100
191,135,89:88
191,142,107:111
25,191,83:95
128,191,93:99
12,192,106:76
192,26,112:103
38,192,91:101
192,136,79:89
192,115,114:106
192,185,102:93
101,192,95:112
192,178,88:97
192,101,91:100
192,129,91:78
192,122,94:112
52,192,95:103
192,108,102:101
192,115,101:106
178,192,114:110
115,192,104:109
192,66,85:98
157,192,119:128
192,157,112:95
192,108,103:96
192,12,106:103
192,45,96:116
192,73,83:95
115,192,114:108
192,206,104:110
206,192,101:87
108,192,109:105
66,192,99:95
192,143,104:125
206,192,116:95
193,116,80:116
130,193,100:94
109,193,107:108
193,34,96:106
193,151,111:107
193,60,104:99
193,67,105:120
193,13,86:103
13,193,85:93
172,193,96:92
186,193,109:115
123,193,80:114
193,172,112:98
193,102,101:104
186,193,119:95
193,165,115:96
193,109,119:99
193,123,102:114
193,116,107:99
207,193,74:89
165,193,91:110
165,193,112:130
193,179,100:104
193,186,108:123
74,193,107:90
193,74,103:91
193,207,90:97
193,207,89:95
179,193,100:93
207,193,94:105
207,193,108:110
193,207,103:116
207,193,103:96
110,89,86:128
68,89,89:93
187,89,72:89
89,201,97:106
89,96,100:99
68,89,80:74
89,131,105:117
89,103,94:111
54,89,97:89
201,89,101:123
180,89,95:110
89,194,89:92
89,117,124:125
61,89,72:112
89,21,111:96
7,89,87:103
96,89,76:101
124,89,89:85
89,159,111:88
103,89,82:85
89,68,82:85
89,61,98:102
21,89,74:92
68,89,103:93
68,89,76:101
90,118,89:97
181,90,95:104
90,167,104:97
202,90,85:83
90,22,102:83
41,90,91:83
22,90,106:85
90,22,85:81
69,90,89:87
111,90,89:102
90,83,78:90
90,69,78:83
90,97,102:95
118,90,105:102
90,62,92:88
22,90,94:107
8,90,80:93
104,90,104:101
90,97,85:93
69,90,109:81
90,8,100:84
55,90,100:113
90,188,76:88
90,22,81:77
22,90,101:99
90,22,87:105
35,91,107:68
49,91,99:89
91,16,110:106
91,63,86:97
91,70,72:81
9,91,104:108
91,154,113:103
91,140,102:94
91,168,82:91
112,91,93:102
91,63,90:93
196,91,97:94
91,98,97:105
2,91,96:94
91,105,105:108
63,91,97:95
91,35,77:97
91,49,97:113
91,56,61:78
126,91,104:110
70,91,108:76
9,91,118:94
182,91,118:110
189,91,108:82
91,84,96:97
23,91,115:86
91,119,104:117
119,91,97:89
98,91,92:97
91,70,88:97
91,203,84:98
91,9,85:91
92,24,87:97
148,92,90:98
92,71,94:104
31,92,91:94
176,92,108:100
85,92,120:92
92,71,109:92
204,92,109:91
92,99,80:98
10,92,109:100
92,3,83:82
50,92,103:98
92,10,81:87
92,106,94:120
92,176,88:107
92,36,90:101
92,64,83:98
92,24,79:98
24,92,92:93
92,31,100:104
92,10,93:101
92,99,106:115
92,57,101:90
92,85,98:112
92,204,112:121
99,92,96:86
92,36,88:97
92,3,95:108
93,198,84:101
65,93,108:95
93,58,91:89
93,65,100:104
32,93,85:101
93,100,93:98
149,93,114:90
93,11,74:106
93,25,83:98
93,170,105:96
93,72,81:87
135,93,101:94
11,93,98:89
37,93,100:98
93,107,90:93
121,93,127:99
93,18,118:128
25,93,106:99
93,191,94:103
93,121,97:104
93,100,80:96
58,93,98:103
93,72,88:95
44,93,98:103
93,25,86:118
11,93,123:108
128,93,104:111
107,93,119:100
72,93,95:83
205,93,103:91
93,114,97:84
93,32,97:90
65,93,101:99
51,93,80:79
101,94,88:87
94,5,87:92
94,59,105:97
94,26,84:97
94,101,99:108
52,94,91:100
94,150,101:103
94,108,85:74
12,94,111:76
73,94,103:100
185,94,101:104
94,12,79:104
26,94,95:86
94,206,92:107
94,122,114:117
73,94,94:96
26,94,105:102
94,52,95:108
94,178,108:121
94,129,84:121
108,94,110:116
12,94,109:103
94,19,102:118
38,94,105:139
94,26,114:94
192,94,107:119
95,13,99:105
95,27,69:88
102,95,94:91
95,193,94:95
95,60,105:88
95,20,98:92
95,102,124:116
109,95,121:113
151,95,113:108
95,88,136:130
193,95,102:112
74,95,111:92
95,151,96:105
95,67,114:113
27,95,98:88
95,74,86:113
95,186,104:128
207,95,107:79
130,95,112:103
74,95,86:105
95,102,114:115
53,95,113:105
95,144,92:122
123,95,114:106
39,95,107:115
20,95,109:113
47,61,98:93
7,61,81:101
61,152,103:108
61,54,94:86
180,61,96:106
54,61,90:106
61,21,100:124
61,47,110:113
103,61,123:116
0,61,110:93
14,61,115:93
61,180,105:114
61,7,120:105
61,82,103:120
28,61,116:110
61,21,93:104
61,68,87:100
201,61,111:100
0,61,113:118
21,61,98:108
96,61,107:116
61,117,95:93
61,159,106:114
61,138,100:138
61,47,118:131
7,61,104:96
82,61,97:79
62,8,104:96
62,90,96:102
62,48,90:85
8,62,77:92
62,69,84:93
62,41,73:96
125,62,94:84
62,104,81:96
97,62,89:106
29,62,105:99
153,62,94:92
202,62,113:106
62,181,85:88
139,62,75:83
62,8,96:88
97,62,92:99
8,62,84:80
62,69,102:86
69,62,109:87
23,63,90:88
63,35,100:107
63,119,88:108
63,175,104:109
133,63,140:133
63,23,74:72
63,42,89:107
203,63,111:106
63,105,110:113
63,168,100:107
63,133,99:131
63,126,74:92
175,63,74:95
182,63,96:103
63,9,113:99
63,203,80:100
63,91,123:88
119,63,104:92
30,63,107:96
63,35,106:113
63,84,116:123
9,63,99:98
140,63,114:102
63,70,92:93
105,63,108:109
63,98,96:88
23,63,93:81
63,30,114:122
9,63,96:100
70,63,107:88
63,16,99:82
98,63,78:88
64,31,97:90
64,24,84:91
106,64,112:98
64,155,106:94
57,64,100:108
64,120,104:98
64,204,99:112
64,99,101:88
64,85,97:102
64,24,79:86
155,64,112:106
148,64,126:118
92,64,90:105
64,10,99:93
99,64,134:129
190,64,86:99
162,64,121:113
120,64,119:118
71,64,86:96
64,10,100:102
43,64,103:105
64,92,98:93
64,85,83:93
183,64,103:107
24,64,94:102
121,65,88:100
65,44,110:107
100,65,84:103
191,65,92:96
163,65,100:104
177,65,106:102
65,156,122:129
107,65,107:112
65,11,101:105
25,65,94:106
65,18,110:100
51,65,108:118
65,4,120:129
65,149,110:98
65,107,116:102
72,65,110:89
198,65,95:93
65,25,104:91
32,65,82:75
65,72,105:80
65,184,76:98
11,65,120:112
65,121,104:108
65,205,107:117
128,65,113:97
65,25,117:98
184,65,96:99
65,114,113:99
44,65,117:116
100,65,93:86
100,65,117:106
65,100,94:125
26,66,99:106
66,122,103:98
66,94,87:92
52,66,111:109
66,101,84:82
164,66,107:102
108,66,106:105
206,66,94:97
66,26,90:106
171,66,104:94
66,5,97:104
101,66,91:94
66,12,100:122
66,101,97:88
66,59,108:95
66,94,106:103
38,66,100:112
101,66,89:106
66,115,112:117
66,5,106:116
66,52,122:95
115,66,105:114
129,66,115:117
87,66,104:112
66,26,101:94
94,66,100:105
66,185,109:112
66,199,115:91
66,206,95:102
66,73,87:95
26,66,100:90
26,66,87:98
66,26,101:85
66,26,83:100
26,66,84:89
87,66,92:96
66,12,89:108
12,66,99:105
12,66,113:87
13,67,94:91
109,67,102:105
67,102,113:103
172,67,96:91
67,123,112:102
67,13,117:121
67,109,113:111
67,186,115:102
74,67,84:128
13,67,116:112
74,67,125:121
67,95,109:79
67,207,82:110
67,39,119:109
207,67,108:106
67,193,99:101
34,67,86:102
67,95,94:102
151,67,109:118
67,116,109:112
20,67,102:101
67,6,94:105
67,53,92:91
67,102,114:106
179,67,78:100
123,67,123:102
67,20,87:75
67,88,101:84
95,67,112:131
27,67,100:111
67,27,90:108
67,13,98:83
67,13,105:116
21,201,109:122
180,201,121:124
201,117,117:104
7,201,92:116
173,201,103:94
194,201,84:109
68,201,92:108
124,201,78:95
28,201,90:92
201,103,113:112
187,201,106:112
103,201,103:109
96,201,80:94
117,201,74:101
201,21,90:87
61,201,95:104
180,201,95:108
201,96,118:94
117,201,105:109
201,7,109:99
82,201,95:125
14,201,104:111
201,180,115:107
201,173,97:91
201,103,112:115
201,187,104:111
124,201,100:92
40,201,107:97
201,68,97:90
131,201,102:111
187,201,101:98
187,201,87:93
201,187,86:104
202,181,85:105
132,202,89:104
139,202,95:101
104,202,117:121
181,202,95:101
202,181,102:105
202,195,104:102
202,111,79:87
181,202,91:99
202,188,89:84
202,146,103:100
202,104,114:99
1,202,96:89
104,202,99:94
202,118,114:105
111,202,100:116
202,195,89:86
202,167,117:112
202,8,125:90
195,202,103:128
153,202,98:84
202,153,112:91
132,202,83:114
118,202,111:120
202,118,82:102
202,118,103:109
118,202,108:103
202,118,99:107
119,203,84:86
203,126,112:109
105,203,100:126
203,98,118:92
189,203,95:99
30,203,99:110
182,203,92:114
203,182,134:126
203,105,106:112
175,203,91:129
112,203,88:106
203,70,98:93
203,56,90:85
161,203,99:108
203,112,104:94
203,9,96:95
16,203,75:114
126,203,136:106
119,203,93:105
175,203,91:92
140,203,93:104
203,182,95:96
203,119,88:100
70,203,97:99
168,203,101:108
203,140,106:116
154,203,91:102
140,203,100:91
203,140,94:82
204,155,91:85
204,106,102:94
141,204,74:76
99,204,79:92
204,120,88:94
183,204,112:106
71,204,100:102
204,190,110:108
120,204,111:105
204,71,105:79
204,99,125:118
204,36,89:103
204,43,104:92
17,204,110:120
204,10,122:101
155,204,85:119
204,141,99:90
106,204,103:108
204,24,103:77
204,120,94:106
204,176,109:100
204,183,98:104
176,204,85:90
176,204,113:92
204,176,108:109
127,204,92:116
204,127,92:103
120,204,105:122
204,120,97:106
204,120,92:105
204,120,112:107
204,85,107:86
205,163,89:94
72,205,92:94
205,184,81:98
198,205,100:99
205,149,89:85
205,170,91:94
205,11,92:90
205,44,111:89
205,37,93:95
205,135,96:100
205,107,99:91
205,177,93:99
121,205,114:106
184,205,106:110
100,205,92:101
163,205,95:100
128,205,96:110
205,107,109:99
93,205,103:110
205,135,81:90
107,205,111:120
4,205,105:116
11,205,128:125
114,205,97:123
44,205,89:101
205,72,114:95
121,205,91:130
205,86,95:81
107,205,93:123
142,205,92:107
205,121,113:88
184,205,98:110
205,184,104:103
149,205,73:100
206,122,106:112
206,101,99:102
206,129,113:101
192,206,82:92
164,206,84:98
178,206,83:88
73,206,88:108
33,206,70:95
45,206,105:108
101,206,95:114
26,206,92:106
206,185,84:88
115,206,95:101
185,206,103:121
52,206,99:100
206,19,109:99
206,164,117:89
185,206,99:130
206,12,103:117
206,178,116:90
206,94,98:96
206,157,119:113
206,164,118:111
206,136,96:78
206,185,104:94
5,206,101:109
150,206,87:108
87,206,88:112
206,122,92:111
206,136,88:86
206,108,98:102
122,206,98:102
192,206,68:94
206,192,96:87
122,206,92:124
206,122,100:96
206,122,97:111
122,206,95:91
206,122,99:113
200,207,79:98
207,186,106:100
207,179,94:87
102,207,105:107
46,207,101:108
207,151,101:106
6,207,100:119
207,74,112:114
109,207,104:118
207,13,118:115
123,207,94:108
109,207,97:121
207,53,90:94
207,123,92:102
207,193,96:104
13,207,74:103
144,207,110:98
158,207,102:95
207,130,98:99
193,207,82:111
193,207,82:96
186,207,126:99
207,186,103:92
207,186,104:125
186,207,107:110
207,144,100:136
103,21,113:144
180,21,102:99
68,21,102:92
89,21,90:86
21,28,95:97
194,21,93:94
40,21,95:83
21,103,107:121
21,0,89:110
21,7,117:112
124,21,87:100
21,82,112:117
21,14,109:115
21,117,89:113
21,180,95:112
96,21,112:136
0,21,88:84
0,21,84:89
21,0,89:116
22,62,90:85
8,22,91:98
22,41,87:74
132,22,99:104
22,69,87:97
22,188,92:98
104,22,113:109
22,8,87:98
139,22,78:102
69,22,101:96
97,22,89:93
22,181,104:102
22,97,109:96
41,22,86:72
62,22,98:103
22,8,104:98
22,90,97:74
22,83,86:95
22,83,78:75
83,22,101:93
23,203,79:101
23,2,80:76
126,23,92:99
56,23,85:95
23,30,93:98
23,9,99:89
161,23,91:97
23,70,100:109
98,23,81:89
30,23,80:95
23,91,86:97
182,23,95:105
23,133,110:114
23,105,101:102
70,23,103:114
63,23,100:98
35,23,89:84
2,23,92:97
23,56,91:98
23,9,111:90
91,23,73:95
119,23,97:75
35,23,117:109
23,49,80:90
70,23,90:107
70,23,98:113
23,70,69:90
23,70,91:102
23,49,102:95
84,23,77:91
24,197,95:90
10,24,74:89
99,24,73:93
24,127,102:106
24,134,95:86
36,24,91:105
10,24,76:91
24,64,82:95
99,24,66:93
50,24,89:117
24,141,102:94
24,106,96:109
24,155,104:92
162,24,102:94
24,71,89:85
127,24,113:118
106,24,80:119
155,24,98:118
24,183,86:112
24,176,94:105
24,57,101:94
24,17,112:104
24,3,77:89
24,10,76:90
120,24,97:102
24,92,101:86
71,24,101:93
71,24,85:101
24,71,85:98
24,71,91:88
71,24,107:97
99,24,102:96
24,99,95:92
99,24,102:79
24,99,93:80
85,24,96:107
85,24,87:83
85,24,90:93
100,25,97:90
107,25,108:87
25,205,100:106
25,11,97:109
156,25,91:110
4,25,92:90
25,142,102:117
44,25,103:107
25,86,87:89
25,121,92:105
37,25,123:111
25,100,103:101
25,32,107:111
100,25,95:99
136,26,97:76
87,26,87:90
26,101,123:106
26,157,107:103
26,192,84:96
73,26,87:93
33,26,120:116
26,185,103:107
101,26,118:104
26,108,126:129
26,164,97:94
12,26,111:106
26,73,96:102
19,26,104:112
157,26,87:89
26,122,101:98
52,26,105:108
129,26,111:102
26,12,96:100
26,101,100:99
26,73,75:104
122,26,115:111
59,26,75:91
199,26,84:92
12,26,109:123
52,26,90:102
26,66,99:102
66,26,83:101
27,39,94:103
158,27,108:115
165,27,116:96
39,27,97:118
151,27,70:91
27,20,105:90
27,6,85:90
27,102,105:111
53,27,109:123
186,27,101:120
27,102,107:112
34,27,116:100
207,27,110:106
27,13,104:113
27,74,97:96
27,34,85:99
27,67,91:116
109,27,125:117
74,27,86:104
27,13,108:109
13,27,119:114
13,27,106:102
96,89,83:112
96,68,95:99
7,96,107:102
180,96,91:98
96,82,94:105
96,61,108:127
96,166,91:116
47,96,101:95
0,96,87:80
96,180,93:100
96,54,97:109
131,96,101:108
96,47,106:115
96,117,117:124
96,194,89:97
68,96,99:92
21,96,113:96
96,82,113:121
145,96,122:101
117,96,116:89
96,145,119:127
96,103,94:114
96,40,88:104
68,96,83:115
97,90,85:103
62,97,78:93
181,97,114:106
118,97,102:105
104,97,108:104
97,90,103:109
48,97,107:93
97,15,98:77
97,125,124:109
97,132,100:114
167,97,115:107
153,97,101:106
97,69,88:102
97,188,92:97
22,97,85:83
15,97,79:77
29,97,112:98
97,48,65:103
8,97,98:89
29,97,112:121
98,42,94:100
98,23,85:89
133,98,83:76
23,98,96:89
98,70,100:101
98,49,87:108
98,70,95:104
140,98,101:97
98,84,72:102
98,91,83:90
16,98,96:87
9,98,87:84
98,2,77:87
175,98,103:94
98,84,71:99
70,98,83:93
98,105,112:108
98,147,87:94
112,98,101:114
98,56,84:92
98,63,90:84
49,98,96:88
56,98,87:90
98,9,90:95
30,98,93:106
98,119,80:103
2,98,86:90
23,98,85:104
98,35,101:106
57,99,109:102
99,176,95:105
10,99,103:96
113,99,100:104
99,64,88:96
106,99,75:74
148,99,113:97
99,50,102:101
99,113,98:120
17,99,82:106
99,17,106:99
183,99,114:107
3,99,93:96
57,99,99:107
99,148,103:110
127,99,90:100
10,99,115:113
64,99,103:93
99,31,114:107
99,155,117:107
99,106,102:105
162,99,99:93
71,99,97:101
3,99,100:97
99,24,82:86
24,99,85:63
100,93,105:98
100,51,98:83
11,100,78:91
100,32,111:100
72,100,106:102
100,11,87:113
198,100,80:83
107,100,89:119
100,44,93:101
100,93,91:89
100,51,102:91
44,100,88:101
100,184,104:103
100,121,102:109
100,198,92:85
100,72,89:120
100,37,99:90
121,100,105:103
100,107,117:115
100,156,98:92
65,100,120:116
100,72,96:105
100,32,85:91
170,100,97:113
128,100,97:105
100,170,86:109
184,100,99:91
58,100,93:106
100,191,92:83
100,58,119:90
72,100,99:108
100,72,104:98
100,72,90:106
72,100,101:103
72,100,106:101
101,33,118:113
101,73,99:114
122,101,125:101
101,87,114:103
185,101,109:103
101,199,105:107
101,178,114:111
101,38,111:96
94,101,91:103
101,94,105:99
45,101,119:117
108,101,117:113
101,185,123:122
101,87,94:114
101,5,104:109
12,101,99:113
101,129,109:116
101,136,93:114
101,108,100:116
73,101,122:101
101,157,101:88
101,164,106:99
102,193,103:112
74,102,92:95
102,95,86:88
186,102,114:106
53,102,112:119
165,102,101:106
207,102,112:100
102,123,115:126
109,102,85:92
34,102,105:110
20,102,108:122
102,186,91:101
102,179,105:113
102,34,107:101
102,74,112:86
200,102,91:105
102,39,114:110
102,27,111:98
102,67,105:96
102,130,125:124
102,116,104:119
6,102,107:112
74,102,100:104
102,13,127:115
102,158,119:108
74,102,107:114
74,102,101:109
102,74,98:116
102,74,101:111
102,46,111:123
68,7,100:88
21,7,99:85
7,194,101:108
7,21,89:100
28,7,81:83
7,180,95:110
7,21,99:108
131,7,101:90
89,7,110:95
7,138,98:116
7,131,99:121
7,103,99:127
7,40,95:112
124,7,111:105
180,7,124:119
54,7,95:91
138,7,95:85
7,28,90:110
89,7,97:86
7,96,107:115
0,7,93:82
7,28,101:108
96,7,93:100
8,111,98:87
8,125,78:98
8,132,105:113
8,153,92:97
8,69,94:121
48,8,81:91
8,41,88:87
41,8,93:90
8,90,94:102
174,8,88:91
8,83,91:107
195,8,89:84
8,118,96:90
181,8,107:118
69,8,103:87
8,69,102:103
15,8,87:75
29,8,121:84
8,22,83:102
8,15,77:116
8,202,98:114
8,1,75:107
9,30,102:105
9,147,108:101
9,161,105:107
9,119,91:106
9,35,101:114
161,9,91:78
154,9,94:100
9,23,81:96
9,49,102:103
70,9,102:94
182,9,112:104
9,2,92:118
9,105,91:98
9,126,93:88
140,9,108:95
91,9,108:119
105,9,111:103
196,9,100:105
9,84,105:109
9,203,113:119
9,182,78:116
9,70,94:102
49,9,101:91
9,56,77:91
36,10,94:98
10,204,96:126
3,10,93:97
17,10,115:92
71,10,127:125
10,43,100:103
24,10,82:78
57,10,93:111
10,106,117:109
176,10,102:97
162,10,99:90
197,10,100:89
10,17,93:89
10,64,91:98
99,10,96:83
10,120,114:104
50,10,107:97
10,148,80:102
10,50,106:100
10,92,119:98
10,71,98:117
17,10,100:122
51,11,95:90
72,11,94:127
107,11,106:97
65,11,110:93
11,51,90:87
11,121,94:103
11,198,114:119
11,72,101:109
11,58,92:95
184,11,105:93
11,142,94:112
11,170,84:103
121,11,98:108
11,25,99:103
11,25,86:93
11,184,103:105
163,11,79:89
11,177,127:94
37,11,92:117
25,11,92:95
4,11,94:99
100,11,108:113
11,44,103:95
11,44,101:93
11,4,86:84
11,4,94:73
11,72,97:89
11,72,94:82
72,11,111:114
72,11,88:118
11,142,91:104
87,12,92:102
59,12,102:108
26,12,97:101
94,12,103:117
12,199,108:114
12,87,84:99
122,12,100:104
12,108,93:87
12,101,121:115
12,206,95:99
12,185,91:77
45,12,104:103
12,122,115:92
19,12,96:88
12,66,97:99
101,12,83:108
12,157,120:108
12,136,85:94
108,12,91:124
185,12,106:100
12,73,110:108
73,12,94:109
73,12,93:104
12,73,121:108
12,73,100:99
66,12,84:115
12,66,84:99
66,12,78:116
12,143,89:104
12,143,77:110
143,12,90:120
53,13,88:117
186,13,120:128
74,13,110:106
13,102,105:94
13,27,93:103
20,13,81:104
13,34,101:118
151,13,113:94
88,13,84:114
158,13,108:119
46,13,118:124
13,137,92:100
13,172,120:108
165,13,103:118
39,13,116:124
13,179,97:104
13,27,132:117
109,13,109:125
13,116,116:108
13,46,99:103
13,74,135:130
13,186,112:117
74,13,114:100
13,74,125:126
27,13,111:117
13,67,109:102
144,13,116:137
117,14,105:104
40,117,92:83
54,117,103:109
117,28,82:81
110,117,107:117
117,180,98:99
117,61,99:111
180,117,105:117
159,117,113:110
117,47,98:112
68,117,94:103
117,180,118:112
117,103,107:112
117,131,121:105
117,138,94:100
117,89,88:111
117,68,111:104
159,117,118:122
117,82,96:85
117,159,116:98
145,117,108:112
103,117,89:104
28,117,110:106
103,117,103:107
103,117,89:106
117,103,101:104
103,117,97:100
173,117,93:87
117,173,96:100
118,111,104:100
118,188,98:95
181,118,94:109
118,181,98:95
202,118,96:108
118,41,97:88
118,202,96:107
118,181,95:96
104,118,118:124
41,118,104:119
160,118,104:115
181,118,104:103
118,104,103:90
83,118,87:103
118,83,93:98
118,22,98:103
118,29,109:89
146,118,100:98
118,146,77:92
118,153,106:114
104,118,106:101
174,118,98:99
174,118,99:102
118,174,103:97
118,202,98:101
83,118,100:96
118,83,98:104
70,119,104:95
119,16,92:90
140,119,109:119
119,42,100:108
182,119,98:120
133,119,94:106
119,196,100:79
154,119,108:114
196,119,88:92
203,119,93:107
119,182,124:94
119,98,99:101
119,161,102:90
105,119,97:117
119,105,118:121
119,154,96:105
119,9,110:115
119,133,94:109
112,119,111:127
119,105,103:105
119,49,95:94
126,119,83:103
119,30,109:99
49,119,125:120
119,133,90:80
182,119,91:120
182,119,102:105
119,182,104:101
119,182,103:105
182,119,107:100
119,189,81:87
120,113,81:100
162,120,96:103
99,120,105:106
120,148,103:111
106,120,113:115
134,120,73:95
120,127,104:111
92,120,98:101
120,204,113:100
120,134,101:112
120,106,88:101
120,99,81:96
113,120,97:106
190,120,107:113
106,120,96:117
120,176,119:128
169,120,81:94
120,169,107:92
120,190,92:89
148,120,101:112
107,121,91:102
191,121,91:89
121,44,109:94
184,121,69:65
121,107,100:107
142,121,91:86
51,121,78:105
121,198,104:112
121,170,104:92
121,142,109:114
121,177,107:112
163,121,134:137
121,170,83:104
135,121,94:99
142,121,115:127
121,72,93:103
114,121,84:92
121,51,92:100
121,198,102:91
149,121,108:131
177,121,89:104
121,128,112:115
149,121,120:108
86,121,75:93
184,121,115:112
121,25,104:116
108,122,93:117
122,185,105:110
122,5,98:104
122,192,114:122
122,73,100:106
122,192,125:88
73,122,94:107
129,122,90:106
122,150,100:99
108,122,112:122
122,52,128:122
185,122,108:116
101,122,98:114
122,143,108:116
199,122,95:121
122,199,119:123
122,150,98:103
122,33,104:96
122,66,119:100
122,19,82:88
122,108,124:102
122,171,112:114
122,178,131:102
143,122,105:133
123,60,103:97
165,123,110:113
123,151,85:83
95,123,119:117
123,20,88:104
186,123,103:105
27,123,115:111
123,109,132:129
123,53,112:103
200,123,92:101
123,74,102:99
186,123,102:99
46,123,96:99
74,123,110:108
116,123,100:112
193,123,95:103
130,123,99:105
123,27,90:93
13,123,109:118
123,102,98:120
158,123,93:110
123,165,111:118
130,123,126:121
123,186,125:137
123,193,103:100
123,165,99:120
123,109,106:105
123,116,100:98
123,186,87:118
186,123,113:115
123,186,99:105
103,180,107:94
180,117,99:116
166,180,105:118
180,166,102:93
180,145,97:92
82,180,125:119
180,124,85:100
180,103,106:113
180,131,97:96
180,103,108:103
173,180,106:102
54,180,114:105
180,145,103:106
180,159,110:113
159,180,93:95
40,180,77:93
180,54,97:108
68,180,109:114
180,194,93:101
145,180,78:99
181,188,93:113
69,181,84:95
181,153,99:108
181,146,89:117
181,160,96:89
181,139,97:106
181,188,83:93
181,132,83:104
181,62,98:116
181,153,112:107
181,104,86:101
104,181,105:102
182,16,105:96
182,70,109:102
126,182,95:85
105,182,93:87
182,126,117:119
49,182,103:131
63,182,101:117
133,182,116:124
42,182,89:101
182,2,120:97
147,182,117:109
35,182,106:119
182,105,110:118
140,182,109:140
182,98,103:105
161,182,81:111
112,182,100:108
23,182,100:91
182,189,94:103
182,105,114:132
189,182,82:78
119,182,103:94
183,148,118:137
183,127,116:101
106,183,111:122
43,183,85:109
183,190,93:86
71,183,84:113
36,183,95:114
162,183,97:88
92,183,88:98
183,24,81:114
190,183,92:100
183,120,86:117
155,183,99:113
183,71,80:83
120,183,104:92
31,183,104:114
127,183,113:126
204,183,90:97
183,176,117:115
10,183,92:106
162,183,108:122
183,31,101:95
99,183,112:113
17,183,110:118
183,92,101:89
183,10,118:111
183,36,96:105
183,155,145:130
183,106,116:123
127,183,112:105
156,184,98:92
51,184,86:91
191,184,96:105
163,184,95:100
184,107,115:111
198,184,99:90
86,184,79:115
184,93,113:120
121,184,101:112
142,184,131:106
25,184,98:110
177,184,94:99
184,18,101:114
32,184,111:117
128,184,109:98
184,163,127:118
184,149,95:110
184,107,114:100
93,184,94:107
184,177,108:101
184,177,109:121
149,184,117:101
149,184,109:115
149,184,100:113
108,185,105:85
185,171,116:110
38,185,106:98
185,192,84:96
52,185,107:102
59,185,114:116
185,52,116:111
185,19,105:116
199,185,101:108
171,185,113:120
157,185,97:126
185,108,108:114
150,185,97:107
73,185,121:115
136,185,94:103
185,157,112:95
33,185,98:102
185,164,116:100
185,59,118:104
185,73,97:109
122,185,110:118
171,185,81:116
185,143,106:115
186,74,97:112
186,207,101:99
46,186,106:107
123,186,116:118
186,95,100:93
193,186,110:105
186,88,103:109
186,46,109:120
172,186,83:105
74,186,113:108
186,207,110:112
158,186,100:139
109,186,124:125
186,130,107:117
109,186,104:110
20,186,114:109
186,123,113:109
186,207,96:121
207,186,114:75
96,68,96:116
7,68,84:98
138,68,93:103
68,61,104:101
47,68,102:111
54,68,117:83
68,152,80:104
68,159,97:105
68,103,90:100
47,68,92:79
124,68,82:91
28,68,85:110
103,68,102:87
68,54,100:105
68,21,102:114
68,89,82:88
89,68,85:88
89,68,81:84
69,1,74:76
69,29,97:92
69,202,83:105
69,195,94:72
69,62,100:77
188,69,96:77
69,160,101:99
139,69,85:82
29,69,94:99
118,69,90:97
69,146,82:96
41,69,79:76
69,97,95:92
69,29,101:108
1,69,98:77
48,69,90:100
69,41,84:90
84,70,95:89
70,140,88:92
70,168,112:96
9,70,113:111
105,70,104:108
70,189,93:83
70,91,86:80
140,70,115:93
70,98,100:95
70,56,80:99
70,9,83:99
35,70,95:109
42,70,111:123
70,105,88:104
70,42,102:107
161,70,94:107
30,70,104:109
63,70,113:96
71,155,103:105
71,106,107:109
57,71,103:113
71,50,110:90
71,17,96:89
176,71,87:88
71,99,101:108
120,71,101:92
99,71,99:101
71,190,101:108
71,92,112:109
71,31,112:87
71,120,109:111
71,197,100:105
190,71,79:76
71,3,85:100
71,64,83:104
71,24,98:108
99,71,114:97
71,17,107:115
71,148,108:109
106,71,92:97
64,71,113:118
127,71,100:85
71,24,107:88
24,71,95:88
71,24,80:92
72,65,102:109
25,72,92:102
51,72,96:103
107,72,84:96
72,25,108:92
72,93,99:100
72,32,90:85
72,4,107:99
18,72,82:93
25,72,91:110
128,72,99:105
142,72,116:124
72,191,88:94
72,44,88:89
72,107,102:115
72,121,115:123
86,72,86:99
32,72,88:101
72,37,114:111
51,72,112:108
37,72,91:96
100,72,81:82
73,52,112:101
73,199,121:115
73,38,88:90
171,73,97:103
73,12,97:109
73,115,95:99
73,192,116:101
66,73,96:86
157,73,87:100
206,73,103:78
129,73,97:106
73,52,97:111
52,73,107:101
38,73,86:114
178,73,97:112
73,59,124:86
94,73,117:110
143,73,102:92
5,73,88:103
73,66,96:104
108,73,98:116
101,73,117:102
33,73,90:101
73,19,112:95
73,66,97:105
73,101,98:109
45,73,72:89
73,45,104:92
73,12,98:123
102,74,99:114
74,60,104:72
6,74,107:115
200,74,112:94
74,137,68:95
74,144,100:105
88,74,95:103
95,74,131:120
116,74,92:84
53,74,98:102
109,74,106:117
67,74,99:105
74,207,99:107
74,60,99:92
74,102,99:103
103,194,95:101
103,124,83:86
28,103,94:105
103,40,89:105
166,103,86:104
103,7,117:103
124,103,90:109
173,103,120:121
103,180,102:121
103,28,94:87
40,103,75:89
103,145,94:100
103,82,98:103
61,103,90:123
103,173,104:96
103,131,103:107
117,103,97:94
195,104,94:81
132,104,106:96
104,48,119:114
160,104,92:109
104,188,102:103
104,181,117:105
8,104,100:99
188,104,94:91
104,62,96:105
104,153,100:104
104,153,102:99
105,91,89:102
105,84,116:119
16,105,97:109
105,133,103:105
105,23,92:89
112,105,101:97
105,154,112:105
105,182,105:95
2,105,96:128
105,42,114:118
105,98,113:119
147,105,92:107
189,105,80:87
105,119,114:104
203,105,86:96
126,105,109:118
140,105,95:97
140,105,131:117
105,140,101:115
106,113,117:110
106,57,103:92
162,106,103:99
141,106,89:81
106,155,137:115
106,134,103:118
106,127,105:110
64,106,100:90
162,106,112:107
106,127,96:102
106,92,120:112
148,106,100:110
17,106,109:118
204,106,133:102
106,190,92:100
106,183,125:130
107,51,93:109
198,107,97:117
107,135,103:101
107,184,96:108
107,4,101:106
107,170,118:108
107,149,98:102
107,44,100:104
107,18,88:98
121,107,124:114
107,121,94:119
135,107,104:82
198,107,99:92
107,198,118:111
107,184,108:118
107,128,114:120
177,107,144:143
170,107,111:122
185,108,98:107
108,164,81:105
108,206,98:109
150,108,111:94
206,108,91:80
108,129,103:110
108,192,84:91
122,108,110:104
19,108,101:104
73,108,119:105
108,26,105:109
66,108,93:112
108,136,81:85
108,38,104:105
38,108,121:120
108,87,119:124
59,108,103:104
108,157,116:105
136,108,100:84
109,46,123:107
88,109,106:98
186,109,128:110
109,179,92:112
179,109,107:117
74,109,109:108
109,151,106:102
109,144,119:127
95,109,112:125
151,109,98:123
165,109,120:127
144,109,110:132
116,109,112:99
193,109,105:98
102,109,123:113
109,172,105:92
200,109,115:90
109,130,113:122
109,88,116:113
109,123,111:105
